title | LZ_0.uncompressed | LZ_0.compressed | LZ_0.compressMs | LZ_0.uncompressMs | LZ_0.verified | LZ_1.uncompressed | LZ_1.compressed | LZ_1.compressMs | LZ_1.uncompressMs | LZ_1.verified | LZ_2.uncompressed | LZ_2.compressed | LZ_2.compressMs | LZ_2.uncompressMs | LZ_2.verified | LZ_3.uncompressed | LZ_3.compressed | LZ_3.compressMs | LZ_3.uncompressMs | LZ_3.verified | LZ_4.uncompressed | LZ_4.compressed | LZ_4.compressMs | LZ_4.uncompressMs | LZ_4.verified | LZ_5.uncompressed | LZ_5.compressed | LZ_5.compressMs | LZ_5.uncompressMs | LZ_5.verified | LZ_6.uncompressed | LZ_6.compressed | LZ_6.compressMs | LZ_6.uncompressMs | LZ_6.verified | LZ_7.uncompressed | LZ_7.compressed | LZ_7.compressMs | LZ_7.uncompressMs | LZ_7.verified | LZ_8.uncompressed | LZ_8.compressed | LZ_8.compressMs | LZ_8.uncompressMs | LZ_8.verified | LZ_9.uncompressed | LZ_9.compressed | LZ_9.compressMs | LZ_9.uncompressMs | LZ_9.verified | LZ_10.uncompressed | LZ_10.compressed | LZ_10.compressMs | LZ_10.uncompressMs | LZ_10.verified | LZ_11.uncompressed | LZ_11.compressed | LZ_11.compressMs | LZ_11.uncompressMs | LZ_11.verified | LZ_12.uncompressed | LZ_12.compressed | LZ_12.compressMs | LZ_12.uncompressMs | LZ_12.verified | LZ_13.uncompressed | LZ_13.compressed | LZ_13.compressMs | LZ_13.uncompressMs | LZ_13.verified | LZ_14.uncompressed | LZ_14.compressed | LZ_14.compressMs | LZ_14.uncompressMs | LZ_14.verified | LZ_15.uncompressed | LZ_15.compressed | LZ_15.compressMs | LZ_15.uncompressMs | LZ_15.verified | LZ_16.uncompressed | LZ_16.compressed | LZ_16.compressMs | LZ_16.uncompressMs | LZ_16.verified | LZ_17.uncompressed | LZ_17.compressed | LZ_17.compressMs | LZ_17.uncompressMs | LZ_17.verified | LZ_18.uncompressed | LZ_18.compressed | LZ_18.compressMs | LZ_18.uncompressMs | LZ_18.verified | LZ_19.uncompressed | LZ_19.compressed | LZ_19.compressMs | LZ_19.uncompressMs | LZ_19.verified
----- | ----------------- | --------------- | --------------- | ----------------- | ------------- | ----------------- | --------------- | --------------- | ----------------- | ------------- | ----------------- | --------------- | --------------- | ----------------- | ------------- | ----------------- | --------------- | --------------- | ----------------- | ------------- | ----------------- | --------------- | --------------- | ----------------- | ------------- | ----------------- | --------------- | --------------- | ----------------- | ------------- | ----------------- | --------------- | --------------- | ----------------- | ------------- | ----------------- | --------------- | --------------- | ----------------- | ------------- | ----------------- | --------------- | --------------- | ----------------- | ------------- | ----------------- | --------------- | --------------- | ----------------- | ------------- | ------------------ | ---------------- | ---------------- | ------------------ | -------------- | ------------------ | ---------------- | ---------------- | ------------------ | -------------- | ------------------ | ---------------- | ---------------- | ------------------ | -------------- | ------------------ | ---------------- | ---------------- | ------------------ | -------------- | ------------------ | ---------------- | ---------------- | ------------------ | -------------- | ------------------ | ---------------- | ---------------- | ------------------ | -------------- | ------------------ | ---------------- | ---------------- | ------------------ | -------------- | ------------------ | ---------------- | ---------------- | ------------------ | -------------- | ------------------ | ---------------- | ---------------- | ------------------ | -------------- | ------------------ | ---------------- | ---------------- | ------------------ | --------------
AccessibleComputing                      |     69 |     81 | 1.2198 | 0.2312 | true |     69 |     65 | 0.1775 | 0.0831 | true |     69 |     81 | 0.1344 | 0.0572 | true |     69 |     81 | 0.1344 | 0.0582 | true |     69 |     81 | 0.1359 | 0.0567 | true |     69 |     80 | 0.1330 | 0.0592 | true |     69 |     81 | 0.1320 | 0.0572 | true |     69 |     81 | 0.1310 | 0.0567 | true |     69 |     81 | 0.1325 | 0.0582 | true |     69 |     81 | 0.1310 | 0.0562 | true |     69 |     81 | 0.1315 | 0.0572 | true |     69 |     70 | 0.1682 | 0.0831 | true |     69 |     81 | 0.1305 | 0.0797 | true |     69 |     81 | 0.1369 | 0.0557 | true |     69 |     81 | 0.1315 | 0.0572 | true |     69 |     81 | 0.1330 | 0.0552 | true |     69 |     81 | 0.1310 | 0.0567 | true |     69 |     70 | 0.1652 | 0.0792 | true |     69 |     81 | 0.1491 | 0.0577 | true |     69 |     81 | 0.1330 | 0.0567 | true
Anarchism                                | 186232 |  69220 | 198.4576 | 16.8491 | true | 186232 |  68371 | 27.7259 | 4.8693 | true | 186232 |  69220 | 25.8671 | 3.7253 | true | 186232 |  69220 | 26.0680 | 3.6852 | true | 186232 |  69220 | 26.2044 | 3.1631 | true | 186232 |  69220 | 25.7058 | 2.9294 | true | 186232 |  69220 | 25.7449 | 3.3059 | true | 186232 |  69220 | 25.0160 | 3.0516 | true | 186232 |  69219 | 25.0428 | 3.0130 | true | 186232 |  69221 | 25.6002 | 3.0961 | true | 186232 |  69220 | 24.7441 | 2.9959 | true | 186232 |  68768 | 25.3724 | 3.0766 | true | 186232 |  69220 | 24.9715 | 3.0316 | true | 186232 |  69220 | 25.2892 | 3.2408 | true | 186232 |  69220 | 25.9238 | 3.0272 | true | 186232 |  69220 | 25.4300 | 3.1436 | true | 186232 |  69219 | 26.0724 | 3.3034 | true | 186232 |  68824 | 25.4076 | 2.9744 | true | 186232 |  69220 | 25.7307 | 3.3719 | true | 186232 |  69218 | 25.0800 | 3.0477 | true
AfghanistanHistory                       |     57 |     67 | 0.1535 | 0.0606 | true |     57 |     56 | 0.1506 | 0.0714 | true |     57 |     67 | 0.1310 | 0.0694 | true |     57 |     67 | 0.1222 | 0.0499 | true |     57 |     67 | 0.1203 | 0.0489 | true |     57 |     66 | 0.1437 | 0.0479 | true |     57 |     66 | 0.1198 | 0.0474 | true |     57 |     67 | 0.1247 | 0.0533 | true |     57 |     66 | 0.1212 | 0.0474 | true |     57 |     67 | 0.1256 | 0.0474 | true |     57 |     67 | 0.1232 | 0.0464 | true |     57 |     59 | 0.1511 | 0.0763 | true |     57 |     67 | 0.1227 | 0.0504 | true |     57 |     67 | 0.1183 | 0.0469 | true |     57 |     67 | 0.1173 | 0.0474 | true |     57 |     67 | 0.1203 | 0.0464 | true |     57 |     66 | 0.1193 | 0.0484 | true |     57 |     57 | 0.1418 | 0.0777 | true |     57 |     67 | 0.1305 | 0.0528 | true |     57 |     67 | 0.1178 | 0.0479 | true
AfghanistanGeography                     |     59 |     71 | 0.1237 | 0.0469 | true |     59 |     61 | 0.1481 | 0.0709 | true |     59 |     71 | 0.1261 | 0.0494 | true |     59 |     71 | 0.1428 | 0.0479 | true |     59 |     71 | 0.1168 | 0.0518 | true |     59 |     70 | 0.1198 | 0.0469 | true |     59 |     70 | 0.1188 | 0.0469 | true |     59 |     71 | 0.1212 | 0.1481 | true |     59 |     70 | 0.1525 | 0.0523 | true |     59 |     71 | 0.1256 | 0.0489 | true |     59 |     71 | 0.1198 | 0.0484 | true |     59 |     63 | 0.1550 | 0.0772 | true |     59 |     71 | 0.1188 | 0.0474 | true |     59 |     71 | 0.1188 | 0.0504 | true |     59 |     71 | 0.1203 | 0.0484 | true |     59 |     71 | 0.1237 | 0.0464 | true |     59 |     70 | 0.1188 | 0.0474 | true |     59 |     55 | 0.1599 | 0.0655 | true |     59 |     71 | 0.1188 | 0.0474 | true |     59 |     71 | 0.1203 | 0.0504 | true
AfghanistanPeople                        |     62 |     74 | 0.1374 | 0.0865 | true |     62 |     63 | 0.1780 | 0.0992 | true |     62 |     74 | 0.1364 | 0.0826 | true |     62 |     74 | 0.2171 | 0.0616 | true |     62 |     74 | 0.1442 | 0.0782 | true |     62 |     73 | 0.1423 | 0.0640 | true |     62 |     73 | 0.1364 | 0.0592 | true |     62 |     74 | 0.1379 | 0.0587 | true |     62 |     73 | 0.1349 | 0.0557 | true |     62 |     74 | 0.1946 | 0.0714 | true |     62 |     74 | 0.1765 | 0.1462 | true |     62 |     63 | 0.1897 | 0.0777 | true |     62 |     74 | 0.1198 | 0.0484 | true |     62 |     74 | 0.1193 | 0.0474 | true |     62 |     74 | 0.1188 | 0.0474 | true |     62 |     74 | 0.1159 | 0.0489 | true |     62 |     73 | 0.1188 | 0.0469 | true |     62 |     56 | 0.1403 | 0.0665 | true |     62 |     74 | 0.1164 | 0.0494 | true |     62 |     74 | 0.1149 | 0.0469 | true
AfghanistanCommunications                |     64 |     76 | 0.1203 | 0.0528 | true |     64 |     57 | 0.1476 | 0.0699 | true |     64 |     76 | 0.1173 | 0.0469 | true |     64 |     76 | 0.1481 | 0.0484 | true |     64 |     76 | 0.1178 | 0.0474 | true |     64 |     73 | 0.1168 | 0.0474 | true |     64 |     75 | 0.1222 | 0.0513 | true |     64 |     76 | 0.1291 | 0.0464 | true |     64 |     76 | 0.1159 | 0.0484 | true |     64 |     76 | 0.1188 | 0.0562 | true |     64 |     76 | 0.1149 | 0.0469 | true |     64 |     59 | 0.1579 | 0.0851 | true |     64 |     76 | 0.1198 | 0.0479 | true |     64 |     76 | 0.1144 | 0.0460 | true |     64 |     76 | 0.1188 | 0.0479 | true |     64 |     76 | 0.1154 | 0.0460 | true |     64 |     76 | 0.1159 | 0.0944 | true |     64 |     59 | 0.1442 | 0.0655 | true |     64 |     76 | 0.1168 | 0.0464 | true |     64 |     76 | 0.1173 | 0.0611 | true
AfghanistanTransportations               |     79 |     87 | 0.1208 | 0.0464 | true |     79 |     77 | 0.1511 | 0.0689 | true |     79 |     87 | 0.1178 | 0.0552 | true |     79 |     87 | 0.1178 | 0.0450 | true |     79 |     87 | 0.1183 | 0.0450 | true |     79 |     85 | 0.1178 | 0.0455 | true |     79 |     86 | 0.1183 | 0.0474 | true |     79 |     87 | 0.1340 | 0.0680 | true |     79 |     87 | 0.1173 | 0.0464 | true |     79 |     87 | 0.1154 | 0.0479 | true |     79 |     87 | 0.1159 | 0.0450 | true |     79 |     76 | 0.1520 | 0.0728 | true |     79 |     87 | 0.1188 | 0.0460 | true |     79 |     87 | 0.1154 | 0.0445 | true |     79 |     87 | 0.1159 | 0.0450 | true |     79 |     87 | 0.1203 | 0.0680 | true |     79 |     87 | 0.1149 | 0.0450 | true |     79 |     74 | 0.1413 | 0.0680 | true |     79 |     87 | 0.1344 | 0.0523 | true |     79 |     87 | 0.1168 | 0.0474 | true
AfghanistanMilitary                      |     54 |     66 | 0.1198 | 0.0455 | true |     54 |     59 | 0.1437 | 0.0680 | true |     54 |     66 | 0.1144 | 0.0464 | true |     54 |     66 | 0.1139 | 0.0450 | true |     54 |     66 | 0.1139 | 0.0440 | true |     54 |     65 | 0.1432 | 0.0455 | true |     54 |     65 | 0.1159 | 0.0499 | true |     54 |     66 | 0.1149 | 0.0626 | true |     54 |     66 | 0.1349 | 0.0445 | true |     54 |     66 | 0.1124 | 0.0455 | true |     54 |     66 | 0.1124 | 0.0440 | true |     54 |     59 | 0.1496 | 0.0719 | true |     54 |     66 | 0.1149 | 0.0445 | true |     54 |     66 | 0.1129 | 0.0499 | true |     54 |     66 | 0.1139 | 0.0455 | true |     54 |     66 | 0.1134 | 0.0445 | true |     54 |     66 | 0.1120 | 0.0460 | true |     54 |     55 | 0.1369 | 0.0611 | true |     54 |     66 | 0.1124 | 0.0450 | true |     54 |     65 | 0.1178 | 0.0464 | true
AfghanistanTransnationalIssues           |     67 |     79 | 0.1462 | 0.0479 | true |     67 |     64 | 0.1486 | 0.0680 | true |     67 |     79 | 0.1144 | 0.0460 | true |     67 |     79 | 0.1129 | 0.0445 | true |     67 |     79 | 0.1242 | 0.0567 | true |     67 |     78 | 0.1291 | 0.0567 | true |     67 |     78 | 0.1330 | 0.0587 | true |     67 |     79 | 0.1232 | 0.0464 | true |     67 |     78 | 0.1164 | 0.0455 | true |     67 |     79 | 0.1261 | 0.0469 | true |     67 |     79 | 0.1144 | 0.0450 | true |     67 |     64 | 0.1545 | 0.0900 | true |     67 |     79 | 0.1300 | 0.0450 | true |     67 |     79 | 0.1095 | 0.0440 | true |     67 |     79 | 0.1115 | 0.0430 | true |     67 |     79 | 0.1085 | 0.0430 | true |     67 |     78 | 0.1115 | 0.0460 | true |     67 |     60 | 0.1379 | 0.0601 | true |     67 |     79 | 0.1090 | 0.0420 | true |     67 |     79 | 0.1100 | 0.0469 | true
AssistiveTechnology                      |     55 |     67 | 0.1232 | 0.0445 | true |     55 |     58 | 0.1398 | 0.0665 | true |     55 |     67 | 0.1188 | 0.0430 | true |     55 |     67 | 0.1124 | 0.0425 | true |     55 |     67 | 0.1110 | 0.0420 | true |     55 |     66 | 0.1193 | 0.0425 | true |     55 |     66 | 0.1134 | 0.0430 | true |     55 |     67 | 0.1178 | 0.0416 | true |     55 |     67 | 0.1164 | 0.0430 | true |     55 |     67 | 0.1110 | 0.0425 | true |     55 |     67 | 0.1105 | 0.0416 | true |     55 |     61 | 0.1682 | 0.0831 | true |     55 |     67 | 0.1129 | 0.0440 | true |     55 |     67 | 0.1129 | 0.0435 | true |     55 |     67 | 0.1115 | 0.0430 | true |     55 |     67 | 0.1105 | 0.0557 | true |     55 |     67 | 0.1129 | 0.0440 | true |     55 |     59 | 0.1349 | 0.0592 | true |     55 |     67 | 0.1095 | 0.0430 | true |     55 |     66 | 0.1173 | 0.0557 | true
AmoeboidTaxa                             |     41 |     53 | 0.1124 | 0.0582 | true |     41 |     47 | 0.1418 | 0.0675 | true |     41 |     53 | 0.1090 | 0.0440 | true |     41 |     53 | 0.1080 | 0.0420 | true |     41 |     53 | 0.1100 | 0.0416 | true |     41 |     52 | 0.1159 | 0.0425 | true |     41 |     52 | 0.1095 | 0.0425 | true |     41 |     53 | 0.1095 | 0.0689 | true |     41 |     53 | 0.1080 | 0.0416 | true |     41 |     53 | 0.1071 | 0.0411 | true |     41 |     53 | 0.1115 | 0.0694 | true |     41 |     50 | 0.1476 | 0.0714 | true |     41 |     53 | 0.1095 | 0.0499 | true |     41 |     53 | 0.1105 | 0.0425 | true |     41 |     53 | 0.1080 | 0.0416 | true |     41 |     53 | 0.1076 | 0.0479 | true |     41 |     53 | 0.1100 | 0.0435 | true |     41 |     46 | 0.1305 | 0.0572 | true |     41 |     53 | 0.1080 | 0.0416 | true |     41 |     52 | 0.1100 | 0.0420 | true
Autism                                   | 149779 |  52434 | 17.6802 | 2.5461 | true | 149779 |  51953 | 17.6362 | 2.3608 | true | 149779 |  52434 | 18.2903 | 2.5681 | true | 149779 |  52434 | 18.1285 | 2.5334 | true | 149779 |  52434 | 18.3954 | 2.3344 | true | 149779 |  52432 | 18.3539 | 2.6014 | true | 149779 |  52432 | 17.2671 | 2.3437 | true | 149779 |  52434 | 17.2915 | 2.4068 | true | 149779 |  52434 | 17.6445 | 2.6312 | true | 149779 |  52434 | 17.9016 | 2.3560 | true | 149779 |  52434 | 17.2529 | 2.3613 | true | 149779 |  51318 | 17.3751 | 2.3784 | true | 149779 |  52434 | 16.9014 | 2.3594 | true | 149779 |  52434 | 17.6328 | 2.6464 | true | 149779 |  52434 | 17.7516 | 2.5911 | true | 149779 |  52434 | 17.7296 | 2.3408 | true | 149779 |  52432 | 16.8334 | 2.3540 | true | 149779 |  51990 | 17.6499 | 2.3672 | true | 149779 |  52433 | 18.2497 | 2.3872 | true | 149779 |  52432 | 17.8782 | 2.5544 | true
AlbaniaHistory                           |     53 |     65 | 0.1555 | 0.0587 | true |     53 |     50 | 0.1760 | 0.0748 | true |     53 |     65 | 0.1393 | 0.0508 | true |     53 |     65 | 0.1359 | 0.0504 | true |     53 |     65 | 0.1340 | 0.0504 | true |     53 |     64 | 0.1369 | 2.8316 | true |     53 |     64 | 0.1657 | 0.0601 | true |     53 |     65 | 0.1330 | 0.0435 | true |     53 |     64 | 0.1271 | 0.0435 | true |     53 |     65 | 0.1252 | 0.0411 | true |     53 |     65 | 0.1217 | 0.0406 | true |     53 |     57 | 0.1569 | 0.0684 | true |     53 |     65 | 0.1296 | 0.0411 | true |     53 |     65 | 0.1227 | 0.0401 | true |     53 |     65 | 0.1208 | 2.0519 | true |     53 |     65 | 0.1716 | 0.0484 | true |     53 |     64 | 0.1242 | 0.0411 | true |     53 |     55 | 0.1462 | 0.0660 | true |     53 |     65 | 0.1560 | 0.0411 | true |     53 |     65 | 0.1227 | 0.0411 | true
AlbaniaPeople                            |     58 |     70 | 0.1560 | 0.0420 | true |     58 |     58 | 0.1545 | 0.0807 | true |     58 |     70 | 0.2449 | 0.0719 | true |     58 |     70 | 0.1472 | 0.0523 | true |     58 |     70 | 0.1384 | 0.0508 | true |     58 |     69 | 0.2127 | 0.0577 | true |     58 |     69 | 0.1413 | 0.0508 | true |     58 |     70 | 0.1305 | 0.0504 | true |     58 |     69 | 0.1344 | 0.0494 | true |     58 |     70 | 0.1296 | 0.0499 | true |     58 |     70 | 0.1315 | 0.0484 | true |     58 |     61 | 0.1745 | 0.0748 | true |     58 |     70 | 0.1335 | 0.0484 | true |     58 |     70 | 0.1613 | 0.0499 | true |     58 |     70 | 0.1305 | 0.0748 | true |     58 |     70 | 0.1525 | 0.0508 | true |     58 |     69 | 0.1183 | 0.0474 | true |     58 |     54 | 0.1667 | 0.0577 | true |     58 |     70 | 0.1168 | 0.0396 | true |     58 |     70 | 0.1164 | 0.0401 | true
AsWeMayThink                             |     50 |     62 | 0.1203 | 0.0391 | true |     50 |     56 | 0.1447 | 0.0616 | true |     50 |     62 | 0.1164 | 0.0396 | true |     50 |     62 | 0.1144 | 0.0592 | true |     50 |     62 | 0.1159 | 0.0396 | true |     50 |     61 | 0.1159 | 0.0381 | true |     50 |     61 | 0.2166 | 0.0655 | true |     50 |     62 | 0.1452 | 0.0489 | true |     50 |     62 | 0.1325 | 0.0548 | true |     50 |     62 | 0.1320 | 0.0499 | true |     50 |     62 | 0.1359 | 0.0592 | true |     50 |     59 | 0.1599 | 0.0680 | true |     50 |     62 | 0.1159 | 0.0411 | true |     50 |     62 | 0.1159 | 0.0396 | true |     50 |     62 | 0.1159 | 0.0396 | true |     50 |     62 | 0.1154 | 0.0406 | true |     50 |     62 | 0.1178 | 0.0381 | true |     50 |     55 | 0.1403 | 0.0543 | true |     50 |     62 | 0.1159 | 0.0386 | true |     50 |     61 | 0.1159 | 0.0381 | true
AlbaniaGovernment                        |     54 |     66 | 0.1183 | 0.0406 | true |     54 |     50 | 0.1574 | 0.0640 | true |     54 |     66 | 0.1384 | 0.0391 | true |     54 |     66 | 0.1154 | 0.0396 | true |     54 |     66 | 0.1193 | 0.0396 | true |     54 |     65 | 0.1159 | 0.0396 | true |     54 |     65 | 0.1266 | 0.0435 | true |     54 |     66 | 0.1149 | 0.0376 | true |     54 |     65 | 0.1164 | 0.0381 | true |     54 |     66 | 0.1159 | 0.0474 | true |     54 |     66 | 0.1144 | 0.0376 | true |     54 |     57 | 0.1520 | 0.0655 | true |     54 |     66 | 0.1164 | 0.0523 | true |     54 |     66 | 0.1247 | 0.0406 | true |     54 |     66 | 0.1139 | 0.0401 | true |     54 |     66 | 0.1144 | 0.0401 | true |     54 |     65 | 0.1154 | 0.0396 | true |     54 |     57 | 0.1418 | 0.0626 | true |     54 |     66 | 0.1178 | 0.0406 | true |     54 |     66 | 0.1159 | 0.0401 | true
AlbaniaEconomy                           |     53 |     65 | 0.1183 | 0.0396 | true |     53 |     50 | 0.1452 | 0.0621 | true |     53 |     65 | 0.1164 | 0.0406 | true |     53 |     65 | 0.1173 | 0.0381 | true |     53 |     65 | 0.1139 | 0.0391 | true |     53 |     64 | 0.1178 | 0.0401 | true |     53 |     64 | 0.1183 | 0.0406 | true |     53 |     65 | 0.1164 | 0.0469 | true |     53 |     64 | 0.1168 | 0.0386 | true |     53 |     65 | 0.1168 | 0.0381 | true |     53 |     65 | 0.1134 | 0.0381 | true |     53 |     58 | 0.1506 | 0.0655 | true |     53 |     65 | 0.1149 | 0.0376 | true |     53 |     65 | 0.1159 | 0.0391 | true |     53 |     65 | 0.1144 | 0.0381 | true |     53 |     65 | 0.1315 | 0.0552 | true |     53 |     64 | 0.1261 | 0.0420 | true |     53 |     54 | 0.1403 | 0.0548 | true |     53 |     65 | 0.1173 | 0.0401 | true |     53 |     65 | 0.1164 | 0.0381 | true
Albedo                                   |  35354 |  13778 | 3.5757 | 0.6659 | true |  35354 |  13374 | 3.9590 | 0.6664 | true |  35354 |  13777 | 3.5728 | 0.6576 | true |  35354 |  13778 | 3.4129 | 0.7192 | true |  35354 |  13778 | 3.4604 | 0.6390 | true |  35354 |  13777 | 3.4276 | 0.6502 | true |  35354 |  13777 | 3.5332 | 0.7226 | true |  35354 |  13778 | 3.4579 | 0.6522 | true |  35354 |  13777 | 3.4139 | 0.6659 | true |  35354 |  13778 | 3.3948 | 0.6522 | true |  35354 |  13778 | 3.4648 | 0.6478 | true |  35354 |  13346 | 4.0407 | 0.7045 | true |  35354 |  13778 | 3.3680 | 0.6488 | true |  35354 |  13778 | 3.7962 | 0.7006 | true |  35354 |  13778 | 3.4648 | 0.6712 | true |  35354 |  13778 | 3.4017 | 0.6492 | true |  35354 |  13777 | 3.3939 | 0.6434 | true |  35354 |  12741 | 3.9820 | 0.6698 | true |  35354 |  13778 | 3.7136 | 0.6615 | true |  35354 |  13779 | 3.4975 | 0.6497 | true
AfroAsiaticLanguages                     |     56 |     67 | 0.1296 | 0.0484 | true |     56 |     60 | 0.1472 | 0.0636 | true |     56 |     67 | 0.1188 | 0.0386 | true |     56 |     67 | 0.1178 | 0.0401 | true |     56 |     67 | 0.1168 | 0.0391 | true |     56 |     65 | 0.1183 | 0.0440 | true |     56 |     66 | 0.1276 | 0.0391 | true |     56 |     67 | 0.1159 | 0.0391 | true |     56 |     67 | 0.1154 | 0.0416 | true |     56 |     67 | 0.1144 | 0.0406 | true |     56 |     67 | 0.1149 | 0.0396 | true |     56 |     60 | 0.1545 | 0.1325 | true |     56 |     67 | 0.1349 | 0.0420 | true |     56 |     67 | 0.1173 | 0.0396 | true |     56 |     67 | 0.1164 | 0.0386 | true |     56 |     67 | 0.1164 | 0.0381 | true |     56 |     67 | 0.1164 | 0.0464 | true |     56 |     57 | 0.1447 | 0.0562 | true |     56 |     67 | 0.1149 | 0.0396 | true |     56 |     65 | 0.1173 | 0.0401 | true
ArtificalLanguages                       |    142 |    133 | 0.1300 | 0.0504 | true |    142 |    122 | 0.1564 | 0.1193 | true |    142 |    133 | 0.1286 | 0.0499 | true |    142 |    133 | 6.1947 | 0.0856 | true |    142 |    133 | 0.1349 | 0.0528 | true |    142 |    134 | 0.1384 | 0.0909 | true |    142 |    133 | 0.1388 | 0.0494 | true |    142 |    133 | 0.1349 | 0.0606 | true |    142 |    133 | 0.1281 | 0.0489 | true |    142 |    133 | 0.1300 | 0.0489 | true |    142 |    133 | 0.1242 | 0.0474 | true |    142 |    126 | 0.1814 | 0.0709 | true |    142 |    133 | 0.1256 | 0.0479 | true |    142 |    133 | 0.1256 | 0.0464 | true |    142 |    133 | 0.1256 | 0.0469 | true |    142 |    133 | 0.1252 | 0.0484 | true |    142 |    133 | 0.2185 | 0.1736 | true |    142 |    119 | 0.1794 | 0.0621 | true |    142 |    133 | 0.1432 | 0.0689 | true |    142 |    135 | 0.1467 | 0.0450 | true
AbacuS                                   |     41 |     53 | 0.1261 | 0.0430 | true |     41 |     48 | 0.1589 | 0.0650 | true |     41 |     53 | 0.1457 | 0.0430 | true |     41 |     53 | 0.1247 | 0.0416 | true |     41 |     53 | 0.1286 | 0.0445 | true |     41 |     52 | 0.1242 | 0.0582 | true |     41 |     52 | 0.1261 | 0.0406 | true |     41 |     53 | 0.1237 | 0.0425 | true |     41 |     53 | 0.1242 | 0.0406 | true |     41 |     53 | 0.1296 | 0.0411 | true |     41 |     53 | 0.1227 | 0.0411 | true |     41 |     50 | 0.1613 | 0.0699 | true |     41 |     53 | 0.1232 | 0.0416 | true |     41 |     53 | 0.1217 | 0.0406 | true |     41 |     53 | 0.1227 | 0.0601 | true |     41 |     53 | 0.1266 | 0.0430 | true |     41 |     53 | 0.1208 | 0.0420 | true |     41 |     45 | 0.1506 | 0.0582 | true |     41 |     53 | 0.1227 | 0.0406 | true |     41 |     52 | 0.1232 | 0.0411 | true
AbalonE                                  |     42 |     54 | 0.1203 | 0.0357 | true |     42 |     48 | 0.1418 | 0.0592 | true |     42 |     54 | 0.1110 | 0.0362 | true |     42 |     54 | 0.1256 | 0.0362 | true |     42 |     54 | 0.1095 | 0.0352 | true |     42 |     53 | 0.1203 | 0.0367 | true |     42 |     53 | 0.1129 | 0.0347 | true |     42 |     54 | 0.1115 | 0.0352 | true |     42 |     54 | 0.1100 | 0.0352 | true |     42 |     54 | 0.1100 | 0.0357 | true |     42 |     54 | 0.1090 | 0.0362 | true |     42 |     50 | 0.1520 | 0.0719 | true |     42 |     54 | 0.1105 | 0.0352 | true |     42 |     54 | 0.1100 | 0.0347 | true |     42 |     54 | 0.1095 | 0.0381 | true |     42 |     54 | 0.1139 | 0.0347 | true |     42 |     54 | 0.1090 | 0.0347 | true |     42 |     46 | 0.1408 | 0.0518 | true |     42 |     54 | 0.1124 | 0.0342 | true |     42 |     53 | 0.1120 | 0.0342 | true
AbbadideS                                |     50 |     62 | 0.1173 | 0.0357 | true |     50 |     55 | 0.1418 | 0.0596 | true |     50 |     62 | 0.1129 | 0.0548 | true |     50 |     62 | 0.1144 | 0.0381 | true |     50 |     62 | 0.1271 | 0.0660 | true |     50 |     61 | 0.1168 | 0.0357 | true |     50 |     61 | 0.1139 | 0.0352 | true |     50 |     62 | 0.1129 | 0.0352 | true |     50 |     62 | 0.1173 | 0.1198 | true |     50 |     62 | 0.1599 | 0.0464 | true |     50 |     62 | 0.1227 | 0.0420 | true |     50 |     58 | 0.1648 | 0.0631 | true |     50 |     62 | 0.1139 | 0.0347 | true |     50 |     62 | 0.1203 | 0.0362 | true |     50 |     62 | 0.1115 | 0.0342 | true |     50 |     62 | 0.1129 | 0.0352 | true |     50 |     62 | 0.1115 | 0.0347 | true |     50 |     53 | 0.1379 | 0.0499 | true |     50 |     62 | 0.1129 | 0.0357 | true |     50 |     61 | 0.1212 | 0.0352 | true
AbbesS                                   |     41 |     53 | 0.1208 | 0.0425 | true |     41 |     47 | 0.1594 | 0.0680 | true |     41 |     53 | 0.1276 | 0.0455 | true |     41 |     53 | 0.1252 | 0.0455 | true |     41 |     53 | 0.1442 | 0.0460 | true |     41 |     52 | 0.1247 | 0.0474 | true |     41 |     52 | 0.1271 | 0.0396 | true |     41 |     53 | 0.1115 | 0.0362 | true |     41 |     53 | 0.1110 | 0.0352 | true |     41 |     53 | 0.1100 | 0.0406 | true |     41 |     53 | 0.1164 | 0.0362 | true |     41 |     49 | 0.1452 | 0.0636 | true |     41 |     53 | 0.1115 | 0.0332 | true |     41 |     53 | 0.1115 | 0.0347 | true |     41 |     53 | 0.1105 | 0.0337 | true |     41 |     53 | 0.1115 | 0.0342 | true |     41 |     53 | 0.1203 | 0.0391 | true |     41 |     45 | 0.1369 | 0.0523 | true |     41 |     53 | 0.1100 | 0.0420 | true |     41 |     52 | 0.1115 | 0.0357 | true
AbbevilleFrance                          |     44 |     56 | 0.1149 | 0.0337 | true |     44 |     51 | 0.1452 | 0.0582 | true |     44 |     56 | 0.1129 | 0.0352 | true |     44 |     56 | 0.1124 | 0.0347 | true |     44 |     56 | 0.1105 | 0.0357 | true |     44 |     55 | 0.1393 | 0.0347 | true |     44 |     55 | 0.1120 | 0.0347 | true |     44 |     56 | 0.1115 | 0.0420 | true |     44 |     56 | 0.1100 | 0.0352 | true |     44 |     56 | 0.1115 | 0.0342 | true |     44 |     56 | 0.1100 | 0.0352 | true |     44 |     51 | 0.1481 | 0.0626 | true |     44 |     56 | 0.1110 | 0.0631 | true |     44 |     56 | 0.1183 | 0.0362 | true |     44 |     56 | 0.1115 | 0.0342 | true |     44 |     56 | 0.1095 | 0.0347 | true |     44 |     56 | 0.1105 | 0.0337 | true |     44 |     47 | 0.1344 | 0.0504 | true |     44 |     56 | 0.1105 | 0.0352 | true |     44 |     55 | 0.1124 | 0.0401 | true
AbbeY                                    |     40 |     52 | 0.1144 | 0.0362 | true |     40 |     47 | 0.1408 | 0.0577 | true |     40 |     52 | 0.1124 | 0.0342 | true |     40 |     52 | 0.1120 | 0.0342 | true |     40 |     52 | 0.1115 | 0.0376 | true |     40 |     51 | 0.1110 | 0.0342 | true |     40 |     51 | 0.1110 | 0.0357 | true |     40 |     52 | 0.1095 | 0.0357 | true |     40 |     52 | 0.1100 | 0.0352 | true |     40 |     52 | 0.1090 | 0.0347 | true |     40 |     52 | 0.1095 | 0.0347 | true |     40 |     49 | 0.1975 | 2.2464 | true |     40 |     52 | 0.1164 | 0.0401 | true |     40 |     52 | 0.1110 | 0.0347 | true |     40 |     52 | 0.1208 | 0.0357 | true |     40 |     52 | 0.1110 | 0.0689 | true |     40 |     52 | 0.1134 | 0.0342 | true |     40 |     44 | 0.1344 | 0.0508 | true |     40 |     52 | 0.1100 | 0.0372 | true |     40 |     51 | 0.1139 | 0.0352 | true
AbboT                                    |     40 |     52 | 0.1335 | 0.0352 | true |     40 |     46 | 0.1452 | 0.0572 | true |     40 |     52 | 0.1100 | 0.0337 | true |     40 |     52 | 0.1090 | 0.0337 | true |     40 |     52 | 0.1100 | 0.0332 | true |     40 |     51 | 0.1105 | 0.0337 | true |     40 |     51 | 0.1115 | 0.0342 | true |     40 |     52 | 0.1178 | 0.0645 | true |     40 |     52 | 0.1129 | 0.0332 | true |     40 |     52 | 0.1100 | 0.0337 | true |     40 |     52 | 0.1090 | 0.0352 | true |     40 |     49 | 0.1442 | 0.0621 | true |     40 |     52 | 0.1139 | 0.0337 | true |     40 |     52 | 0.1222 | 0.0337 | true |     40 |     52 | 0.1100 | 0.0337 | true |     40 |     52 | 0.1090 | 0.0337 | true |     40 |     52 | 0.1085 | 0.0337 | true |     40 |     44 | 0.1369 | 0.0513 | true |     40 |     52 | 0.1095 | 0.0352 | true |     40 |     51 | 0.1154 | 0.0347 | true
Abbreviations                            |     44 |     56 | 0.1134 | 0.0357 | true |     44 |     47 | 0.1393 | 0.0577 | true |     44 |     56 | 0.1124 | 0.0352 | true |     44 |     56 | 0.1100 | 0.0357 | true |     44 |     56 | 0.1212 | 0.0357 | true |     44 |     55 | 0.1124 | 0.0342 | true |     44 |     55 | 0.1115 | 0.0332 | true |     44 |     56 | 0.1105 | 0.0352 | true |     44 |     56 | 0.1100 | 0.0342 | true |     44 |     56 | 0.1105 | 0.0357 | true |     44 |     56 | 0.1110 | 0.0367 | true |     44 |     47 | 0.1462 | 0.0626 | true |     44 |     56 | 0.1110 | 0.0347 | true |     44 |     56 | 0.1115 | 0.0342 | true |     44 |     56 | 0.1129 | 0.0362 | true |     44 |     56 | 0.1120 | 0.0362 | true |     44 |     56 | 0.1090 | 0.0352 | true |     44 |     43 | 0.1418 | 0.0665 | true |     44 |     56 | 0.1247 | 0.0430 | true |     44 |     55 | 0.1198 | 0.0372 | true
AtlasShrugged                            |     50 |     62 | 0.1159 | 0.0362 | true |     50 |     55 | 0.1403 | 0.0601 | true |     50 |     62 | 0.1154 | 0.0347 | true |     50 |     62 | 0.1139 | 0.0357 | true |     50 |     62 | 0.1115 | 0.0342 | true |     50 |     61 | 0.1178 | 0.0352 | true |     50 |     61 | 0.1124 | 0.0342 | true |     50 |     62 | 0.1115 | 0.0352 | true |     50 |     62 | 0.1168 | 0.0347 | true |     50 |     62 | 0.1124 | 0.0352 | true |     50 |     62 | 0.1105 | 0.0337 | true |     50 |     56 | 0.1452 | 0.0616 | true |     50 |     62 | 0.1115 | 0.0347 | true |     50 |     62 | 0.1095 | 0.0440 | true |     50 |     62 | 0.1256 | 0.0352 | true |     50 |     62 | 0.1105 | 0.0337 | true |     50 |     62 | 0.1120 | 0.0362 | true |     50 |     54 | 0.1340 | 0.0528 | true |     50 |     62 | 0.1144 | 0.0337 | true |     50 |     61 | 0.1134 | 0.0680 | true
ArtificialLanguages                      |     55 |     67 | 0.1384 | 0.0347 | true |     55 |     57 | 0.1408 | 0.0587 | true |     55 |     67 | 0.1124 | 0.0347 | true |     55 |     67 | 0.1120 | 0.0357 | true |     55 |     67 | 0.1110 | 0.0352 | true |     55 |     66 | 0.1203 | 0.0367 | true |     55 |     66 | 0.1193 | 0.0347 | true |     55 |     67 | 0.1110 | 0.0391 | true |     55 |     67 | 0.1134 | 0.0372 | true |     55 |     67 | 0.1105 | 0.0352 | true |     55 |     67 | 0.1100 | 0.0347 | true |     55 |     61 | 0.1501 | 0.1256 | true |     55 |     67 | 0.1198 | 0.0352 | true |     55 |     67 | 0.1120 | 0.0352 | true |     55 |     67 | 0.1110 | 0.0352 | true |     55 |     67 | 0.1105 | 0.0362 | true |     55 |     67 | 0.1100 | 0.0347 | true |     55 |     56 | 0.1349 | 0.0508 | true |     55 |     67 | 0.1115 | 0.0347 | true |     55 |     67 | 0.1105 | 0.0367 | true
AtlasShruggedCharacters                  |     68 |     80 | 0.1252 | 0.0342 | true |     68 |     68 | 0.1428 | 0.0582 | true |     68 |     80 | 0.1227 | 0.0425 | true |     68 |     80 | 0.1159 | 0.0352 | true |     68 |     80 | 0.1139 | 0.0352 | true |     68 |     79 | 0.1144 | 0.0362 | true |     68 |     79 | 0.1154 | 0.0347 | true |     68 |     80 | 0.1154 | 0.0396 | true |     68 |     79 | 0.1144 | 0.0420 | true |     68 |     80 | 0.1129 | 0.0362 | true |     68 |     80 | 0.1124 | 0.0352 | true |     68 |     67 | 0.1486 | 0.0621 | true |     68 |     80 | 0.1120 | 0.0337 | true |     68 |     80 | 0.1120 | 0.0337 | true |     68 |     80 | 0.1129 | 0.0357 | true |     68 |     80 | 0.1134 | 0.0357 | true |     68 |     79 | 0.1144 | 0.0352 | true |     68 |     64 | 0.1379 | 0.0523 | true |     68 |     80 | 0.1129 | 0.0357 | true |     68 |     80 | 0.1124 | 0.0367 | true
AtlasShruggedCompanies                   |     49 |     61 | 0.1144 | 0.0342 | true |     49 |     54 | 0.1398 | 0.0753 | true |     49 |     61 | 0.1129 | 0.0347 | true |     49 |     61 | 0.1110 | 0.0342 | true |     49 |     61 | 0.1115 | 0.0347 | true |     49 |     60 | 0.1139 | 0.0352 | true |     49 |     60 | 0.1173 | 0.0435 | true |     49 |     61 | 0.1227 | 0.0372 | true |     49 |     61 | 0.1115 | 0.0347 | true |     49 |     61 | 0.1115 | 0.0362 | true |     49 |     61 | 0.1129 | 0.0386 | true |     49 |     56 | 0.1452 | 0.0709 | true |     49 |     61 | 0.1261 | 0.0357 | true |     49 |     61 | 0.1105 | 0.0332 | true |     49 |     61 | 0.1115 | 0.0352 | true |     49 |     61 | 0.1105 | 0.0352 | true |     49 |     61 | 0.1115 | 0.0347 | true |     49 |     54 | 0.1340 | 0.0528 | true |     49 |     61 | 0.1232 | 0.0337 | true |     49 |     60 | 0.1120 | 0.0347 | true
AyersMusicPublishingCompany              |     67 |     67 | 0.1168 | 0.0391 | true |     67 |     61 | 0.1423 | 0.0587 | true |     67 |     67 | 0.1134 | 0.0357 | true |     67 |     67 | 0.1168 | 0.0347 | true |     67 |     67 | 0.1129 | 0.0357 | true |     67 |     66 | 0.1154 | 0.0347 | true |     67 |     66 | 0.1139 | 0.0362 | true |     67 |     67 | 0.1134 | 0.0337 | true |     67 |     67 | 0.1120 | 0.0352 | true |     67 |     67 | 0.1149 | 0.0342 | true |     67 |     67 | 0.1115 | 0.0357 | true |     67 |     62 | 0.1476 | 0.0621 | true |     67 |     67 | 0.1144 | 0.0347 | true |     67 |     67 | 0.1149 | 0.0352 | true |     67 |     67 | 0.1134 | 0.0342 | true |     67 |     67 | 0.1134 | 0.0469 | true |     67 |     67 | 0.1227 | 0.0362 | true |     67 |     60 | 0.1374 | 0.0518 | true |     67 |     67 | 0.1134 | 0.0347 | true |     67 |     66 | 0.1168 | 0.0372 | true
AfricanAmericanPeople                    |     52 |     60 | 0.1149 | 0.0357 | true |     52 |     50 | 0.1437 | 0.0577 | true |     52 |     60 | 0.1144 | 0.0352 | true |     52 |     60 | 0.1105 | 0.0337 | true |     52 |     60 | 0.1095 | 0.0401 | true |     52 |     59 | 0.1110 | 0.0347 | true |     52 |     59 | 0.1144 | 0.0347 | true |     52 |     60 | 0.1159 | 0.0337 | true |     52 |     60 | 0.1105 | 0.0357 | true |     52 |     60 | 0.1105 | 0.0352 | true |     52 |     60 | 0.1100 | 0.0352 | true |     52 |     56 | 0.1467 | 0.0621 | true |     52 |     60 | 0.1100 | 0.0337 | true |     52 |     60 | 0.1208 | 0.0347 | true |     52 |     60 | 0.1095 | 0.0342 | true |     52 |     60 | 0.1095 | 0.0332 | true |     52 |     60 | 0.1124 | 0.0337 | true |     52 |     53 | 0.1335 | 0.0518 | true |     52 |     60 | 0.1115 | 0.0352 | true |     52 |     59 | 0.1457 | 0.0386 | true
AdolfHitler                              |     47 |     59 | 0.1124 | 0.0342 | true |     47 |     52 | 0.1398 | 0.0601 | true |     47 |     59 | 0.1124 | 0.0352 | true |     47 |     59 | 0.1100 | 0.0347 | true |     47 |     59 | 0.1105 | 0.0367 | true |     47 |     58 | 0.1110 | 0.0342 | true |     47 |     58 | 0.1300 | 0.0352 | true |     47 |     59 | 0.1095 | 0.0342 | true |     47 |     59 | 0.1134 | 0.0352 | true |     47 |     59 | 0.1095 | 0.0332 | true |     47 |     59 | 0.1105 | 0.0411 | true |     47 |     53 | 0.1560 | 0.0621 | true |     47 |     59 | 0.1095 | 0.0337 | true |     47 |     59 | 0.1100 | 0.0557 | true |     47 |     59 | 0.1090 | 0.0342 | true |     47 |     59 | 0.1105 | 0.0352 | true |     47 |     59 | 0.1100 | 0.0435 | true |     47 |     51 | 0.7705 | 0.0680 | true |     47 |     59 | 0.1227 | 0.0401 | true |     47 |     58 | 0.1120 | 0.0332 | true
AbeceDarians                             |     46 |     58 | 0.1139 | 0.0357 | true |     46 |     50 | 0.1413 | 0.0582 | true |     46 |     58 | 0.1139 | 0.0342 | true |     46 |     58 | 0.1178 | 0.0518 | true |     46 |     58 | 0.1154 | 0.0342 | true |     46 |     57 | 0.1120 | 0.0352 | true |     46 |     57 | 0.1110 | 0.0347 | true |     46 |     58 | 0.1105 | 0.0352 | true |     46 |     58 | 0.1115 | 0.0347 | true |     46 |     58 | 0.1110 | 0.0352 | true |     46 |     58 | 0.1115 | 0.0430 | true |     46 |     53 | 0.1452 | 0.0621 | true |     46 |     58 | 0.1115 | 0.0352 | true |     46 |     58 | 0.1120 | 0.0381 | true |     46 |     58 | 0.1110 | 0.0347 | true |     46 |     58 | 0.1095 | 0.0347 | true |     46 |     58 | 0.1237 | 0.0376 | true |     46 |     47 | 0.1413 | 0.0508 | true |     46 |     58 | 0.1217 | 0.0357 | true |     46 |     57 | 0.1110 | 0.0342 | true
AbeL                                     |     48 |     60 | 0.1144 | 0.0357 | true |     48 |     48 | 0.1393 | 0.0592 | true |     48 |     60 | 0.1212 | 0.0367 | true |     48 |     60 | 0.1110 | 0.0352 | true |     48 |     60 | 0.1110 | 0.0362 | true |     48 |     59 | 0.1134 | 0.0362 | true |     48 |     59 | 0.1115 | 0.0337 | true |     48 |     60 | 0.1110 | 0.0357 | true |     48 |     60 | 0.1115 | 0.0342 | true |     48 |     60 | 0.1105 | 0.0347 | true |     48 |     60 | 0.1100 | 0.0372 | true |     48 |     52 | 0.1486 | 0.0621 | true |     48 |     60 | 0.1105 | 0.0557 | true |     48 |     60 | 0.1095 | 0.0347 | true |     48 |     60 | 0.1139 | 0.0357 | true |     48 |     60 | 0.1095 | 0.0337 | true |     48 |     60 | 0.1120 | 0.0357 | true |     48 |     49 | 0.1354 | 0.0508 | true |     48 |     60 | 0.1095 | 0.0337 | true |     48 |     60 | 0.1154 | 0.0362 | true
AbensbergGermany                         |     44 |     56 | 0.1120 | 0.0352 | true |     44 |     50 | 0.1398 | 0.0567 | true |     44 |     56 | 0.1144 | 0.0367 | true |     44 |     56 | 0.1120 | 0.0342 | true |     44 |     56 | 0.1090 | 0.0347 | true |     44 |     55 | 0.1110 | 0.0416 | true |     44 |     55 | 0.1129 | 0.0332 | true |     44 |     56 | 0.1095 | 0.0342 | true |     44 |     56 | 0.1095 | 0.0386 | true |     44 |     56 | 0.1124 | 0.0347 | true |     44 |     56 | 0.1100 | 0.0342 | true |     44 |     50 | 0.1437 | 0.0655 | true |     44 |     56 | 0.1164 | 0.0386 | true |     44 |     56 | 0.1095 | 0.0347 | true |     44 |     56 | 0.1105 | 0.0342 | true |     44 |     56 | 0.1085 | 0.0357 | true |     44 |     56 | 0.1095 | 0.0352 | true |     44 |     47 | 0.1335 | 0.0601 | true |     44 |     56 | 0.1256 | 0.0342 | true |     44 |     55 | 0.1110 | 0.0357 | true
AberdeenSouthDakota                      |     57 |     69 | 0.1168 | 0.0362 | true |     57 |     62 | 0.1423 | 0.0582 | true |     57 |     69 | 0.1134 | 0.0337 | true |     57 |     69 | 0.1164 | 0.0396 | true |     57 |     69 | 0.1134 | 0.0337 | true |     57 |     68 | 0.1154 | 0.0342 | true |     57 |     68 | 0.1164 | 0.0342 | true |     57 |     69 | 0.1139 | 0.0342 | true |     57 |     69 | 0.1129 | 0.0342 | true |     57 |     69 | 0.1173 | 0.0342 | true |     57 |     69 | 0.1256 | 0.0411 | true |     57 |     63 | 0.1584 | 0.0636 | true |     57 |     69 | 0.1149 | 0.0352 | true |     57 |     69 | 0.1115 | 0.0357 | true |     57 |     69 | 0.1115 | 0.0362 | true |     57 |     69 | 0.1120 | 0.0416 | true |     57 |     69 | 0.1203 | 0.0367 | true |     57 |     60 | 0.1364 | 0.0557 | true |     57 |     69 | 0.1154 | 0.0342 | true |     57 |     68 | 0.1159 | 0.0352 | true
ArthurKoestler                           |     50 |     62 | 0.1188 | 0.0376 | true |     50 |     56 | 0.1393 | 0.0587 | true |     50 |     62 | 0.1110 | 0.0337 | true |     50 |     62 | 0.1164 | 0.0425 | true |     50 |     62 | 0.1115 | 0.0337 | true |     50 |     61 | 0.1129 | 0.0352 | true |     50 |     61 | 0.1129 | 0.0352 | true |     50 |     62 | 0.1120 | 0.0357 | true |     50 |     62 | 0.1129 | 0.0352 | true |     50 |     62 | 0.1115 | 0.0337 | true |     50 |     62 | 0.1115 | 0.0362 | true |     50 |     57 | 0.1447 | 0.0631 | true |     50 |     62 | 0.1129 | 0.0386 | true |     50 |     62 | 0.1095 | 0.0342 | true |     50 |     62 | 0.1100 | 0.0347 | true |     50 |     62 | 0.1115 | 0.0357 | true |     50 |     62 | 0.1110 | 0.0357 | true |     50 |     54 | 0.1340 | 0.0518 | true |     50 |     62 | 0.1120 | 0.0347 | true |     50 |     61 | 0.1124 | 0.0367 | true
AynRand                                  |     43 |     55 | 0.1124 | 0.0347 | true |     43 |     49 | 0.1413 | 0.0577 | true |     43 |     55 | 0.1110 | 0.0337 | true |     43 |     55 | 0.1100 | 0.0362 | true |     43 |     55 | 0.1149 | 0.0337 | true |     43 |     54 | 0.1105 | 0.0347 | true |     43 |     54 | 0.1129 | 0.0337 | true |     43 |     55 | 0.1149 | 0.0352 | true |     43 |     55 | 0.1105 | 0.0337 | true |     43 |     55 | 0.1095 | 0.0347 | true |     43 |     55 | 0.1105 | 0.0425 | true |     43 |     50 | 0.1447 | 0.0650 | true |     43 |     55 | 0.1090 | 0.0352 | true |     43 |     55 | 0.1124 | 0.0342 | true |     43 |     55 | 0.1090 | 0.0352 | true |     43 |     55 | 0.1110 | 0.0332 | true |     43 |     55 | 0.1110 | 0.0533 | true |     43 |     47 | 0.2352 | 0.0743 | true |     43 |     55 | 0.1320 | 0.0406 | true |     43 |     54 | 0.1227 | 0.0420 | true
AlexanderTheGreat                        |     53 |     65 | 0.1252 | 0.0636 | true |     53 |     50 | 0.1501 | 0.0596 | true |     53 |     65 | 0.1139 | 0.0342 | true |     53 |     65 | 0.1120 | 0.0367 | true |     53 |     65 | 0.1300 | 0.0352 | true |     53 |     64 | 0.1139 | 0.0362 | true |     53 |     64 | 0.1359 | 0.0386 | true |     53 |     65 | 0.1120 | 0.0337 | true |     53 |     65 | 0.1100 | 0.0352 | true |     53 |     65 | 0.1164 | 0.0342 | true |     53 |     65 | 0.2855 | 0.0372 | true |     53 |     56 | 0.1648 | 0.0631 | true |     53 |     65 | 0.1124 | 0.0357 | true |     53 |     65 | 0.1120 | 0.0337 | true |     53 |     65 | 0.1134 | 0.0357 | true |     53 |     65 | 0.1115 | 0.0342 | true |     53 |     65 | 0.1105 | 0.0352 | true |     53 |     54 | 0.1476 | 0.0504 | true |     53 |     65 | 0.1115 | 0.0362 | true |     53 |     64 | 0.1129 | 0.1398 | true
AnchorageAlaska                          |     51 |     63 | 0.1144 | 0.0347 | true |     51 |     56 | 0.1418 | 0.0587 | true |     51 |     63 | 0.2146 | 0.0606 | true |     51 |     63 | 0.1393 | 0.0420 | true |     51 |     63 | 0.1242 | 0.0440 | true |     51 |     62 | 0.1281 | 0.0435 | true |     51 |     62 | 0.1261 | 0.0425 | true |     51 |     63 | 0.1437 | 0.0416 | true |     51 |     63 | 0.1227 | 0.0406 | true |     51 |     63 | 0.1227 | 0.0420 | true |     51 |     63 | 0.1222 | 0.0411 | true |     51 |     59 | 0.1623 | 0.0684 | true |     51 |     63 | 0.1281 | 0.0435 | true |     51 |     63 | 0.1227 | 0.0406 | true |     51 |     63 | 0.1212 | 0.0411 | true |     51 |     63 | 0.1237 | 0.0411 | true |     51 |     63 | 0.1413 | 0.0411 | true |     51 |     54 | 0.1520 | 0.0582 | true |     51 |     63 | 0.1217 | 0.0396 | true |     51 |     62 | 0.1237 | 0.0411 | true
ArgumentForms                            |     47 |     59 | 0.1276 | 0.0406 | true |     47 |     50 | 0.1560 | 0.0631 | true |     47 |     59 | 0.1227 | 0.0562 | true |     47 |     59 | 0.1208 | 0.0416 | true |     47 |     59 | 0.1212 | 0.0420 | true |     47 |     58 | 0.1276 | 0.0420 | true |     47 |     58 | 0.1222 | 0.0406 | true |     47 |     59 | 0.1217 | 0.0411 | true |     47 |     59 | 0.1354 | 0.0469 | true |     47 |     59 | 0.1222 | 0.0440 | true |     47 |     59 | 0.1212 | 0.0411 | true |     47 |     50 | 0.1628 | 0.0689 | true |     47 |     59 | 0.1217 | 0.0416 | true |     47 |     59 | 0.1232 | 0.0416 | true |     47 |     59 | 0.1232 | 0.0420 | true |     47 |     59 | 0.1212 | 0.0440 | true |     47 |     59 | 0.1261 | 0.0416 | true |     47 |     49 | 0.1501 | 0.0577 | true |     47 |     59 | 0.1203 | 0.0513 | true |     47 |     58 | 0.1393 | 0.0420 | true
ArgumentsForTheExistenceOfGod            |     50 |     62 | 0.1256 | 0.0416 | true |     50 |     51 | 0.1540 | 0.0631 | true |     50 |     62 | 0.1222 | 0.0406 | true |     50 |     62 | 0.1242 | 0.0474 | true |     50 |     62 | 0.1281 | 0.0416 | true |     50 |     61 | 0.1247 | 0.0425 | true |     50 |     61 | 0.1232 | 0.0416 | true |     50 |     62 | 0.1232 | 0.0430 | true |     50 |     61 | 0.1227 | 0.0411 | true |     50 |     62 | 0.1305 | 0.0430 | true |     50 |     62 | 0.1222 | 0.0411 | true |     50 |     53 | 0.1608 | 0.0694 | true |     50 |     62 | 0.1232 | 0.0430 | true |     50 |     62 | 0.1217 | 0.0411 | true |     50 |     62 | 0.1227 | 0.0753 | true |     50 |     62 | 0.1208 | 0.0352 | true |     50 |     61 | 0.1149 | 0.0352 | true |     50 |     50 | 0.1340 | 0.0557 | true |     50 |     62 | 0.1149 | 0.0352 | true |     50 |     62 | 0.1100 | 0.0347 | true
AnarchY                                  |     43 |     55 | 0.1271 | 0.0357 | true |     43 |     44 | 0.1393 | 0.0577 | true |     43 |     55 | 0.1124 | 0.0342 | true |     43 |     55 | 0.1129 | 0.0357 | true |     43 |     55 | 0.1105 | 0.0337 | true |     43 |     54 | 0.1120 | 0.0391 | true |     43 |     54 | 0.1261 | 0.0337 | true |     43 |     55 | 0.1105 | 0.0347 | true |     43 |     55 | 0.1110 | 0.0342 | true |     43 |     55 | 0.1124 | 0.0337 | true |     43 |     55 | 0.1095 | 0.0347 | true |     43 |     50 | 0.1437 | 0.0626 | true |     43 |     55 | 0.1120 | 0.0362 | true |     43 |     55 | 0.1110 | 0.0337 | true |     43 |     55 | 0.1105 | 0.0352 | true |     43 |     55 | 0.1115 | 0.0337 | true |     43 |     55 | 0.1310 | 0.0352 | true |     43 |     46 | 0.1330 | 0.0528 | true |     43 |     55 | 0.1232 | 0.0337 | true |     43 |     54 | 0.1100 | 0.0347 | true
AsciiArt                                 |     43 |     55 | 0.1129 | 0.0347 | true |     43 |     49 | 0.1384 | 0.0596 | true |     43 |     55 | 0.1129 | 0.0342 | true |     43 |     55 | 0.1178 | 0.0376 | true |     43 |     55 | 0.1120 | 0.0352 | true |     43 |     54 | 0.1110 | 0.0357 | true |     43 |     54 | 0.1115 | 0.0386 | true |     43 |     55 | 0.1090 | 0.0357 | true |     43 |     55 | 0.1100 | 0.0347 | true |     43 |     55 | 0.1090 | 0.0367 | true |     43 |     55 | 0.2210 | 0.0601 | true |     43 |     51 | 0.1745 | 0.0684 | true |     43 |     55 | 0.1222 | 0.0445 | true |     43 |     55 | 0.1222 | 0.0386 | true |     43 |     55 | 0.1296 | 0.0464 | true |     43 |     55 | 0.1203 | 0.0411 | true |     43 |     55 | 0.1432 | 0.0401 | true |     43 |     48 | 0.1486 | 0.0582 | true |     43 |     55 | 0.1203 | 0.0396 | true |     43 |     54 | 0.1266 | 0.0401 | true
AcademyAwards                            |     48 |     60 | 0.1232 | 0.0411 | true |     48 |     55 | 0.1535 | 0.0675 | true |     48 |     60 | 0.1286 | 0.0411 | true |     48 |     60 | 0.1193 | 0.0396 | true |     48 |     60 | 0.1208 | 0.0518 | true |     48 |     59 | 0.1300 | 0.0401 | true |     48 |     59 | 0.1227 | 0.0416 | true |     48 |     60 | 0.1208 | 0.0411 | true |     48 |     60 | 0.1252 | 0.0411 | true |     48 |     60 | 0.1203 | 0.0406 | true |     48 |     60 | 0.1276 | 0.0420 | true |     48 |     54 | 0.1604 | 0.0689 | true |     48 |     60 | 0.1208 | 0.0406 | true |     48 |     60 | 0.1212 | 0.0420 | true |     48 |     60 | 0.1203 | 0.0406 | true |     48 |     60 | 0.1212 | 0.0714 | true |     48 |     60 | 0.1198 | 0.0406 | true |     48 |     51 | 0.1511 | 0.0567 | true |     48 |     60 | 0.1261 | 0.0430 | true |     48 |     59 | 0.1222 | 0.0411 | true
AcademyAwards/BestPicture                |     96 |    101 | 0.1379 | 0.1032 | true |     96 |     85 | 0.1745 | 0.0601 | true |     96 |    101 | 0.1227 | 0.0479 | true |     96 |    101 | 0.1208 | 0.0420 | true |     96 |    101 | 0.1168 | 0.0430 | true |     96 |    101 | 0.1193 | 0.0347 | true |     96 |    101 | 0.1173 | 0.0411 | true |     96 |    101 | 0.1159 | 0.0406 | true |     96 |    101 | 0.1168 | 0.0406 | true |     96 |    101 | 0.1159 | 0.0416 | true |     96 |    101 | 0.1188 | 0.0401 | true |     96 |     87 | 0.1569 | 0.0699 | true |     96 |    101 | 0.1173 | 0.0416 | true |     96 |    101 | 0.1159 | 0.0416 | true |     96 |    101 | 0.1198 | 0.0406 | true |     96 |    101 | 0.1193 | 0.0406 | true |     96 |    101 | 0.1183 | 0.0484 | true |     96 |     81 | 0.1423 | 0.0518 | true |     96 |    101 | 0.1178 | 0.0406 | true |     96 |    101 | 0.1212 | 0.0352 | true
AustriaLanguage                          |     50 |     62 | 0.1124 | 0.0352 | true |     50 |     55 | 0.1418 | 0.0572 | true |     50 |     62 | 0.1256 | 0.0362 | true |     50 |     62 | 0.1115 | 0.0342 | true |     50 |     62 | 0.1124 | 0.0357 | true |     50 |     61 | 0.1115 | 0.0342 | true |     50 |     61 | 0.1129 | 0.0342 | true |     50 |     62 | 0.1110 | 0.0342 | true |     50 |     62 | 0.1115 | 0.0362 | true |     50 |     62 | 0.1115 | 0.0337 | true |     50 |     62 | 0.1115 | 0.0357 | true |     50 |     56 | 0.1457 | 0.0611 | true |     50 |     62 | 0.1110 | 0.0342 | true |     50 |     62 | 0.1120 | 0.0386 | true |     50 |     62 | 0.1124 | 0.0816 | true |     50 |     62 | 0.1423 | 0.0450 | true |     50 |     62 | 0.1222 | 0.0416 | true |     50 |     52 | 0.1511 | 0.0577 | true |     50 |     62 | 0.1242 | 0.0430 | true |     50 |     61 | 0.1227 | 0.0548 | true
AcademicElitism                          |     45 |     57 | 0.1222 | 0.0411 | true |     45 |     49 | 0.1540 | 0.0645 | true |     45 |     57 | 0.1227 | 0.0450 | true |     45 |     57 | 0.1212 | 0.0411 | true |     45 |     57 | 0.1227 | 0.0592 | true |     45 |     56 | 0.1237 | 0.0411 | true |     45 |     56 | 0.1217 | 0.0425 | true |     45 |     57 | 0.1217 | 0.0425 | true |     45 |     57 | 0.1222 | 0.0650 | true |     45 |     57 | 0.1208 | 0.0411 | true |     45 |     57 | 0.1208 | 0.0460 | true |     45 |     52 | 0.1657 | 0.0694 | true |     45 |     57 | 0.1203 | 0.0416 | true |     45 |     57 | 0.1227 | 0.0416 | true |     45 |     57 | 0.1335 | 0.0538 | true |     45 |     57 | 0.1252 | 0.0411 | true |     45 |     57 | 0.1203 | 0.0416 | true |     45 |     51 | 0.1491 | 0.0587 | true |     45 |     57 | 0.1217 | 0.0425 | true |     45 |     57 | 0.1252 | 0.0484 | true
AxiomOfChoice                            |     49 |     60 | 0.1271 | 0.0425 | true |     49 |     52 | 0.1555 | 0.0645 | true |     49 |     60 | 0.1266 | 0.0430 | true |     49 |     60 | 0.1247 | 0.0406 | true |     49 |     60 | 0.1212 | 0.0401 | true |     49 |     58 | 0.1824 | 0.0464 | true |     49 |     59 | 0.1247 | 0.0411 | true |     49 |     60 | 0.1393 | 0.0420 | true |     49 |     59 | 0.1315 | 0.0425 | true |     49 |     60 | 0.1208 | 0.0401 | true |     49 |     60 | 0.1242 | 0.0499 | true |     49 |     54 | 0.1608 | 0.0670 | true |     49 |     60 | 0.1212 | 0.0411 | true |     49 |     60 | 0.1232 | 0.0416 | true |     49 |     60 | 0.1208 | 0.0406 | true |     49 |     60 | 0.1227 | 0.0425 | true |     49 |     59 | 0.1237 | 0.0411 | true |     49 |     52 | 0.1506 | 0.0577 | true |     49 |     60 | 0.1232 | 0.0435 | true |     49 |     58 | 0.1335 | 0.0425 | true
AmericanFootball                         |     51 |     63 | 0.1320 | 0.0440 | true |     51 |     53 | 0.1555 | 0.0650 | true |     51 |     63 | 0.1227 | 0.0420 | true |     51 |     63 | 0.1222 | 0.0411 | true |     51 |     63 | 0.1247 | 0.0416 | true |     51 |     62 | 0.1291 | 0.0450 | true |     51 |     62 | 0.1222 | 0.0406 | true |     51 |     63 | 0.1222 | 0.0411 | true |     51 |     63 | 0.1227 | 0.0411 | true |     51 |     63 | 0.1217 | 0.0425 | true |     51 |     63 | 0.1222 | 0.0420 | true |     51 |     58 | 0.1667 | 0.0680 | true |     51 |     63 | 0.1222 | 0.0611 | true |     51 |     63 | 0.1222 | 0.0435 | true |     51 |     63 | 0.1222 | 0.0420 | true |     51 |     63 | 0.1217 | 0.0416 | true |     51 |     63 | 0.1814 | 0.0474 | true |     51 |     53 | 0.1569 | 0.0572 | true |     51 |     63 | 0.1212 | 0.0411 | true |     51 |     62 | 0.1232 | 0.0411 | true
AnnaKournikova                           |     50 |     62 | 0.1256 | 0.0420 | true |     50 |     55 | 0.1574 | 0.0650 | true |     50 |     62 | 0.1232 | 0.0450 | true |     50 |     62 | 0.1237 | 0.0416 | true |     50 |     62 | 0.1212 | 0.0411 | true |     50 |     61 | 0.1266 | 0.0420 | true |     50 |     61 | 0.1247 | 0.0416 | true |     50 |     62 | 0.1217 | 0.0425 | true |     50 |     62 | 0.1242 | 0.0406 | true |     50 |     62 | 0.1203 | 0.0416 | true |     50 |     62 | 0.1198 | 0.0411 | true |     50 |     57 | 0.1584 | 0.0836 | true |     50 |     62 | 0.1217 | 0.0416 | true |     50 |     62 | 0.1198 | 0.0406 | true |     50 |     62 | 0.1208 | 0.0445 | true |     50 |     62 | 0.1173 | 0.0401 | true |     50 |     62 | 0.1198 | 0.0425 | true |     50 |     53 | 0.1501 | 0.0582 | true |     50 |     62 | 0.1315 | 0.0401 | true |     50 |     61 | 0.1208 | 0.0416 | true
AndorrA                                  |     42 |     54 | 0.1193 | 0.0411 | true |     42 |     47 | 0.1501 | 0.0626 | true |     42 |     54 | 0.1325 | 0.0425 | true |     42 |     54 | 0.1164 | 0.0411 | true |     42 |     54 | 0.1164 | 0.0592 | true |     42 |     53 | 0.1173 | 0.0411 | true |     42 |     53 | 0.1168 | 0.0406 | true |     42 |     54 | 0.1149 | 0.1281 | true |     42 |     54 | 0.1545 | 0.0596 | true |     42 |     54 | 0.1227 | 0.0904 | true |     42 |     54 | 0.1398 | 0.0562 | true |     42 |     50 | 0.1550 | 0.0787 | true |     42 |     54 | 0.1076 | 0.0352 | true |     42 |     54 | 0.1036 | 0.0342 | true |     42 |     54 | 0.1022 | 0.0332 | true |     42 |     54 | 0.1041 | 0.0332 | true |     42 |     54 | 0.1022 | 0.0347 | true |     42 |     44 | 0.1252 | 0.0489 | true |     42 |     54 | 0.1061 | 0.0323 | true |     42 |     53 | 0.1056 | 0.0328 | true
AustroAsiaticLanguages                   |     57 |     69 | 0.1095 | 0.0313 | true |     57 |     61 | 0.1354 | 0.0567 | true |     57 |     69 | 0.1051 | 0.0332 | true |     57 |     69 | 0.1036 | 0.0332 | true |     57 |     69 | 0.1061 | 0.0347 | true |     57 |     68 | 0.1066 | 0.0332 | true |     57 |     68 | 0.1056 | 0.0332 | true |     57 |     69 | 0.1041 | 0.0337 | true |     57 |     69 | 0.1056 | 0.0337 | true |     57 |     69 | 0.1036 | 0.0357 | true |     57 |     69 | 0.1036 | 0.0337 | true |     57 |     60 | 0.1564 | 0.0631 | true |     57 |     69 | 0.1051 | 0.0548 | true |     57 |     69 | 0.1046 | 0.0323 | true |     57 |     69 | 0.1080 | 0.0337 | true |     57 |     69 | 0.1041 | 0.0342 | true |     57 |     69 | 0.1027 | 0.0337 | true |     57 |     58 | 0.1491 | 0.0562 | true |     57 |     69 | 0.1168 | 0.0401 | true |     57 |     68 | 0.1193 | 0.0406 | true
ActresseS                                |     62 |     74 | 0.1203 | 0.0420 | true |     62 |     64 | 0.1520 | 0.0724 | true |     62 |     74 | 0.1183 | 0.0401 | true |     62 |     74 | 0.1183 | 0.0411 | true |     62 |     74 | 0.1159 | 0.0601 | true |     62 |     73 | 0.1203 | 0.0406 | true |     62 |     74 | 0.1178 | 0.0411 | true |     62 |     74 | 0.1217 | 0.0396 | true |     62 |     73 | 0.1188 | 0.0406 | true |     62 |     74 | 0.1149 | 0.0401 | true |     62 |     74 | 0.1168 | 0.0411 | true |     62 |     64 | 0.1560 | 0.0675 | true |     62 |     74 | 0.1168 | 0.0406 | true |     62 |     74 | 0.1276 | 0.0401 | true |     62 |     74 | 0.1168 | 0.0479 | true |     62 |     74 | 0.1168 | 0.0396 | true |     62 |     73 | 0.1183 | 0.0416 | true |     62 |     64 | 0.1496 | 0.0587 | true |     62 |     74 | 0.1310 | 0.0714 | true |     62 |     74 | 0.1183 | 0.0411 | true
A                                        |  19452 |   7980 | 3.2692 | 0.5172 | true |  19452 |   7690 | 2.1897 | 0.4776 | true |  19452 |   7980 | 1.7585 | 0.4635 | true |  19452 |   7980 | 1.7771 | 0.4605 | true |  19452 |   7980 | 1.8148 | 0.4728 | true |  19452 |   7980 | 1.7248 | 0.4556 | true |  19452 |   7979 | 1.8387 | 0.5544 | true |  19452 |   7980 | 2.0832 | 0.4982 | true |  19452 |   7979 | 2.0044 | 0.5446 | true |  19452 |   7980 | 2.0079 | 0.5363 | true |  19452 |   7980 | 2.1516 | 0.5886 | true |  19452 |   7693 | 2.6410 | 0.7475 | true |  19452 |   7980 | 1.8397 | 0.4571 | true |  19452 |   7980 | 1.7634 | 0.5314 | true |  19452 |   7980 | 2.0260 | 0.5397 | true |  19452 |   7980 | 2.2802 | 0.5705 | true |  19452 |   7978 | 1.9404 | 0.5691 | true |  19452 |   7716 | 2.2997 | 0.6096 | true |  19452 |   7980 | 1.9238 | 0.5500 | true |  19452 |   7980 | 1.8553 | 0.5686 | true
AnarchoCapitalism                        |     52 |     64 | 0.2464 | 0.1745 | true |     52 |     46 | 0.2625 | 0.1858 | true |     52 |     64 | 0.2376 | 0.1677 | true |     52 |     64 | 0.2435 | 0.1667 | true |     52 |     64 | 0.2381 | 0.1652 | true |     52 |     63 | 0.2640 | 0.1941 | true |     52 |     63 | 0.2361 | 0.1652 | true |     52 |     64 | 0.2352 | 0.1721 | true |     52 |     64 | 0.2581 | 0.1662 | true |     52 |     64 | 0.2488 | 0.1643 | true |     52 |     64 | 0.2708 | 0.1672 | true |     52 |     56 | 0.2704 | 0.2112 | true |     52 |     64 | 0.2361 | 0.1633 | true |     52 |     64 | 0.2332 | 0.1638 | true |     52 |     64 | 0.2327 | 0.1672 | true |     52 |     64 | 0.2352 | 0.1657 | true |     52 |     64 | 0.2352 | 0.1672 | true |     52 |     55 | 0.2655 | 0.1916 | true |     52 |     64 | 0.2352 | 0.1638 | true |     52 |     63 | 0.2400 | 0.0533 | true
AnarchoCapitalists                       |     52 |     64 | 0.1164 | 0.0352 | true |     52 |     45 | 0.1222 | 0.0464 | true |     52 |     64 | 0.1051 | 0.0347 | true |     52 |     64 | 0.1041 | 0.0357 | true |     52 |     64 | 0.1036 | 0.0342 | true |     52 |     63 | 0.1095 | 0.0435 | true |     52 |     63 | 0.1105 | 0.0347 | true |     52 |     64 | 0.1051 | 0.0342 | true |     52 |     64 | 0.1046 | 0.0347 | true |     52 |     64 | 0.1046 | 0.0631 | true |     52 |     64 | 0.1041 | 0.0347 | true |     52 |     56 | 0.1281 | 0.0557 | true |     52 |     64 | 0.1036 | 0.0337 | true |     52 |     64 | 0.1022 | 0.0337 | true |     52 |     64 | 0.1032 | 0.0342 | true |     52 |     64 | 0.1041 | 0.0332 | true |     52 |     64 | 0.1022 | 0.0337 | true |     52 |     55 | 0.1212 | 0.0435 | true |     52 |     64 | 0.1139 | 0.0362 | true |     52 |     64 | 0.1046 | 0.0342 | true
ActressesS                               |     50 |     62 | 0.1080 | 0.0342 | true |     50 |     52 | 0.1237 | 0.0460 | true |     50 |     62 | 0.1066 | 0.0347 | true |     50 |     62 | 0.1032 | 0.0372 | true |     50 |     62 | 0.1061 | 0.0352 | true |     50 |     61 | 0.1036 | 0.0332 | true |     50 |     61 | 0.1046 | 0.0347 | true |     50 |     62 | 0.1027 | 0.0342 | true |     50 |     61 | 0.1036 | 0.0352 | true |     50 |     62 | 0.1027 | 0.0332 | true |     50 |     62 | 0.1036 | 0.0352 | true |     50 |     52 | 0.1315 | 0.0499 | true |     50 |     62 | 0.1032 | 0.0332 | true |     50 |     62 | 0.1061 | 0.0372 | true |     50 |     62 | 0.1022 | 0.0332 | true |     50 |     62 | 0.1046 | 0.0347 | true |     50 |     61 | 0.1041 | 0.0342 | true |     50 |     50 | 0.1222 | 0.0474 | true |     50 |     62 | 0.1129 | 0.0362 | true |     50 |     62 | 0.1041 | 0.0357 | true
AnAmericanInParis                        |     54 |     66 | 0.1066 | 0.0337 | true |     54 |     50 | 0.1227 | 0.0464 | true |     54 |     66 | 0.1061 | 0.0342 | true |     54 |     66 | 0.1046 | 0.0337 | true |     54 |     66 | 0.1100 | 0.0342 | true |     54 |     65 | 0.1056 | 0.0337 | true |     54 |     65 | 0.1061 | 0.0337 | true |     54 |     66 | 0.1041 | 0.0337 | true |     54 |     66 | 0.1036 | 0.0332 | true |     54 |     66 | 0.1036 | 0.0337 | true |     54 |     66 | 0.1036 | 0.0416 | true |     54 |     60 | 0.1310 | 0.0494 | true |     54 |     66 | 0.1036 | 0.0342 | true |     54 |     66 | 0.1022 | 0.0352 | true |     54 |     66 | 0.1036 | 0.0372 | true |     54 |     66 | 0.1027 | 0.0347 | true |     54 |     66 | 0.1022 | 0.0347 | true |     54 |     54 | 0.1261 | 0.0440 | true |     54 |     66 | 0.1027 | 0.0367 | true |     54 |     65 | 0.1046 | 0.0352 | true
AutoMorphism                             |     46 |     58 | 0.1046 | 0.0352 | true |     46 |     50 | 0.1227 | 0.0479 | true |     46 |     58 | 0.1027 | 0.0347 | true |     46 |     58 | 0.1120 | 0.0455 | true |     46 |     58 | 0.1149 | 0.0616 | true |     46 |     57 | 0.1134 | 0.0352 | true |     46 |     57 | 0.1041 | 0.0342 | true |     46 |     58 | 0.1041 | 0.0362 | true |     46 |     58 | 0.1027 | 0.0342 | true |     46 |     58 | 0.1032 | 0.0464 | true |     46 |     58 | 0.1012 | 0.0332 | true |     46 |     51 | 0.1261 | 0.0489 | true |     46 |     58 | 0.1232 | 0.0347 | true |     46 |     58 | 0.1027 | 0.0337 | true |     46 |     58 | 0.1032 | 0.0347 | true |     46 |     58 | 0.1027 | 0.0342 | true |     46 |     58 | 0.1814 | 0.0552 | true |     46 |     51 | 0.1344 | 0.0435 | true |     46 |     58 | 0.1046 | 0.0396 | true |     46 |     57 | 0.1100 | 0.0362 | true
ActionFilm                               |     45 |     57 | 0.1056 | 0.0342 | true |     45 |     49 | 0.1291 | 0.0460 | true |     45 |     57 | 0.1046 | 0.0342 | true |     45 |     57 | 0.1027 | 0.0337 | true |     45 |     57 | 0.1027 | 0.0342 | true |     45 |     56 | 0.1041 | 0.0332 | true |     45 |     56 | 0.1036 | 0.0337 | true |     45 |     57 | 0.1090 | 0.0347 | true |     45 |     57 | 0.1129 | 0.0337 | true |     45 |     57 | 0.1036 | 0.0342 | true |     45 |     57 | 0.1027 | 0.0342 | true |     45 |     50 | 0.1266 | 0.0489 | true |     45 |     57 | 0.1027 | 0.0342 | true |     45 |     57 | 0.1032 | 0.0342 | true |     45 |     57 | 0.1022 | 0.0425 | true |     45 |     57 | 0.1120 | 0.0367 | true |     45 |     57 | 0.1027 | 0.0342 | true |     45 |     48 | 0.1203 | 0.0435 | true |     45 |     57 | 0.1032 | 0.0357 | true |     45 |     56 | 0.1090 | 0.0337 | true
Alabama                                  | 168088 |  57149 | 19.8210 | 2.8326 | true | 168088 |  56701 | 20.9254 | 2.8268 | true | 168088 |  57149 | 20.1373 | 3.1279 | true | 168088 |  57149 | 20.3490 | 2.8698 | true | 168088 |  57149 | 19.7374 | 2.7793 | true | 168088 |  57148 | 20.0884 | 3.0472 | true | 168088 |  57149 | 20.6570 | 2.7578 | true | 168088 |  57149 | 20.2908 | 2.8747 | true | 168088 |  57150 | 19.8401 | 2.8155 | true | 168088 |  57149 | 20.1227 | 2.8536 | true | 168088 |  57149 | 20.3828 | 2.8805 | true | 168088 |  56798 | 20.4756 | 2.8952 | true | 168088 |  57151 | 21.4896 | 3.0873 | true | 168088 |  57151 | 21.1870 | 2.8121 | true | 168088 |  57149 | 19.9296 | 3.0839 | true | 168088 |  57151 | 20.9029 | 2.8923 | true | 168088 |  57151 | 20.7328 | 3.1040 | true | 168088 |  56824 | 20.9078 | 3.0512 | true | 168088 |  57151 | 20.4263 | 2.7676 | true | 168088 |  57149 | 20.5529 | 2.9729 | true
AfricA                                   |     41 |     53 | 0.1511 | 0.0787 | true |     41 |     47 | 0.1574 | 0.0601 | true |     41 |     53 | 0.1173 | 0.0425 | true |     41 |     53 | 0.1222 | 0.0420 | true |     41 |     53 | 0.1168 | 0.0411 | true |     41 |     52 | 0.1168 | 0.0420 | true |     41 |     52 | 0.1305 | 0.0460 | true |     41 |     53 | 0.1183 | 0.0411 | true |     41 |     53 | 0.1139 | 0.0416 | true |     41 |     53 | 0.1159 | 0.0411 | true |     41 |     53 | 0.1149 | 0.0416 | true |     41 |     49 | 0.1501 | 0.0621 | true |     41 |     53 | 0.1256 | 0.0513 | true |     41 |     53 | 0.1144 | 0.0430 | true |     41 |     53 | 0.1134 | 0.0440 | true |     41 |     53 | 0.1129 | 0.0430 | true |     41 |     53 | 0.1139 | 0.0420 | true |     41 |     45 | 0.1442 | 0.0601 | true |     41 |     53 | 0.1198 | 0.0430 | true |     41 |     52 | 0.1193 | 0.0416 | true
Achilles                                 |  51211 |  21659 | 7.5822 | 1.0457 | true |  51211 |  21180 | 8.1415 | 1.1284 | true |  51211 |  21659 | 7.5294 | 0.9827 | true |  51211 |  21659 | 6.8229 | 1.0110 | true |  51211 |  21659 | 6.7569 | 0.9915 | true |  51211 |  21659 | 6.7056 | 1.0438 | true |  51211 |  21658 | 6.7545 | 0.9998 | true |  51211 |  21659 | 6.7388 | 1.0027 | true |  51211 |  21658 | 6.7721 | 0.9949 | true |  51211 |  21659 | 6.9012 | 1.0076 | true |  51211 |  21659 | 6.9183 | 0.9719 | true |  51211 |  21265 | 7.4199 | 1.0281 | true |  51211 |  21659 | 7.7860 | 1.1078 | true |  51211 |  21659 | 7.2947 | 1.0100 | true |  51211 |  21659 | 6.7662 | 1.0399 | true |  51211 |  21659 | 6.9564 | 1.0824 | true |  51211 |  21658 | 7.2615 | 1.0672 | true |  51211 |  21279 | 7.7518 | 1.0125 | true |  51211 |  21659 | 6.7882 | 0.9797 | true |  51211 |  21659 | 6.7545 | 1.0716 | true
AppliedStatistics                        |     44 |     56 | 0.1203 | 0.0391 | true |     44 |     48 | 0.1340 | 0.0484 | true |     44 |     56 | 0.1080 | 0.0347 | true |     44 |     56 | 0.1080 | 0.0406 | true |     44 |     56 | 0.1095 | 0.0352 | true |     44 |     55 | 0.1056 | 0.0362 | true |     44 |     55 | 0.1066 | 0.0347 | true |     44 |     56 | 0.1276 | 0.0396 | true |     44 |     56 | 0.1095 | 0.0347 | true |     44 |     56 | 0.1032 | 0.0362 | true |     44 |     56 | 0.1061 | 0.0372 | true |     44 |     48 | 0.1266 | 0.0513 | true |     44 |     56 | 0.1032 | 0.0357 | true |     44 |     56 | 0.1051 | 0.0372 | true |     44 |     56 | 0.1032 | 0.0362 | true |     44 |     56 | 0.1110 | 0.0352 | true |     44 |     56 | 0.1022 | 0.0430 | true |     44 |     48 | 0.1237 | 0.0435 | true |     44 |     56 | 0.1032 | 0.0337 | true |     44 |     56 | 0.1061 | 0.0376 | true
Abraham Lincoln                          | 179104 |  64545 | 25.7835 | 3.4819 | true | 179104 |  64099 | 26.2348 | 3.4941 | true | 179104 |  64543 | 26.7383 | 3.4481 | true | 179104 |  64545 | 26.0988 | 3.1920 | true | 179104 |  64545 | 25.5298 | 3.1216 | true | 179104 |  64545 | 25.6364 | 3.1572 | true | 179104 |  64545 | 25.6324 | 3.1484 | true | 179104 |  64545 | 26.2049 | 3.2853 | true | 179104 |  64545 | 25.8432 | 3.4027 | true | 179104 |  64545 | 24.8052 | 3.1700 | true | 179104 |  64545 | 25.3112 | 3.0844 | true | 179104 |  64144 | 25.4315 | 3.1524 | true | 179104 |  64545 | 25.8529 | 3.3988 | true | 179104 |  64545 | 24.8184 | 3.4516 | true | 179104 |  64545 | 26.8566 | 3.4115 | true | 179104 |  64545 | 25.7444 | 3.1524 | true | 179104 |  64544 | 25.1049 | 3.1181 | true | 179104 |  64240 | 25.5479 | 3.1558 | true | 179104 |  64545 | 24.7979 | 3.1108 | true | 179104 |  64543 | 24.8131 | 3.1489 | true
Aristotle                                | 110077 |  41183 | 15.1482 | 2.0279 | true | 110077 |  40638 | 16.7122 | 1.9585 | true | 110077 |  41184 | 15.6376 | 1.8196 | true | 110077 |  41183 | 15.7466 | 2.1135 | true | 110077 |  41183 | 15.0412 | 1.8280 | true | 110077 |  41183 | 15.5120 | 1.9663 | true | 110077 |  41183 | 16.2966 | 2.0054 | true | 110077 |  41183 | 16.2213 | 2.1682 | true | 110077 |  41183 | 14.9629 | 1.8245 | true | 110077 |  41183 | 14.9722 | 1.9937 | true | 110077 |  41183 | 15.4420 | 1.7859 | true | 110077 |  40741 | 15.6591 | 2.0308 | true | 110077 |  41183 | 15.0353 | 1.8074 | true | 110077 |  41183 | 15.2196 | 2.1531 | true | 110077 |  41183 | 15.2900 | 2.0137 | true | 110077 |  41183 | 16.2785 | 2.1941 | true | 110077 |  41184 | 16.0673 | 1.8954 | true | 110077 |  40779 | 17.3820 | 2.1394 | true | 110077 |  41183 | 15.0832 | 1.8104 | true | 110077 |  41182 | 15.7632 | 1.9780 | true
An American in Paris                     |  15603 |   6752 | 1.3440 | 0.3266 | true |  15603 |   6476 | 1.6906 | 0.3349 | true |  15603 |   6751 | 1.2726 | 0.3315 | true |  15603 |   6751 | 1.2584 | 0.3324 | true |  15603 |   6751 | 1.2569 | 0.3148 | true |  15603 |   6751 | 1.2530 | 0.3833 | true |  15603 |   6751 | 1.2848 | 0.3261 | true |  15603 |   6753 | 1.2657 | 0.3256 | true |  15603 |   6751 | 1.2604 | 0.4024 | true |  15603 |   6750 | 1.4505 | 0.3520 | true |  15603 |   6751 | 1.4012 | 0.3676 | true |  15603 |   6499 | 1.8514 | 0.4087 | true |  15603 |   6751 | 1.2946 | 0.3452 | true |  15603 |   6751 | 1.2613 | 0.3192 | true |  15603 |   6751 | 1.2706 | 0.3632 | true |  15603 |   6751 | 1.2608 | 0.3290 | true |  15603 |   6751 | 1.2858 | 0.3144 | true |  15603 |   6514 | 1.7253 | 0.3310 | true |  15603 |   6751 | 1.2789 | 0.3251 | true |  15603 |   6752 | 1.2882 | 0.3383 | true
Academy Award for Best Production Design |  86370 |  18999 | 6.8039 | 1.2794 | true |  86370 |  18799 | 7.7709 | 1.3459 | true |  86370 |  18998 | 7.2497 | 1.1577 | true |  86370 |  18998 | 6.9236 | 1.1895 | true |  86370 |  18998 | 6.8117 | 1.1665 | true |  86370 |  18998 | 6.9892 | 1.3127 | true |  86370 |  18998 | 7.5235 | 1.1660 | true |  86370 |  18998 | 7.4267 | 1.2931 | true |  86370 |  18998 | 7.2615 | 1.2261 | true |  86370 |  18998 | 7.7802 | 1.2516 | true |  86370 |  18998 | 6.9999 | 1.1528 | true |  86370 |  18829 | 7.2483 | 1.1953 | true |  86370 |  18998 | 6.8019 | 1.1709 | true |  86370 |  18998 | 7.1588 | 1.1352 | true |  86370 |  18998 | 6.9051 | 1.1357 | true |  86370 |  18998 | 7.3910 | 1.2535 | true |  86370 |  18997 | 7.3778 | 1.2692 | true |  86370 |  18811 | 7.4590 | 1.1904 | true |  86370 |  18998 | 6.8332 | 1.1699 | true |  86370 |  18999 | 6.9324 | 1.1826 | true
Academy Awards                           |  78000 |  26869 | 8.1610 | 1.3586 | true |  78000 |  26396 | 9.0405 | 1.4965 | true |  78000 |  26870 | 8.7892 | 1.5068 | true |  78000 |  26870 | 8.7702 | 1.4784 | true |  78000 |  26870 | 8.2764 | 1.3655 | true |  78000 |  26870 | 8.3840 | 1.5038 | true |  78000 |  26870 | 8.6000 | 1.4095 | true |  78000 |  26870 | 8.8279 | 1.4725 | true |  78000 |  26870 | 8.9711 | 1.4623 | true |  78000 |  26870 | 8.7135 | 1.4808 | true |  78000 |  26870 | 8.4656 | 1.3811 | true |  78000 |  26428 | 9.3671 | 1.5341 | true |  78000 |  26870 | 8.7726 | 1.4984 | true |  78000 |  26870 | 8.6841 | 1.3748 | true |  78000 |  26870 | 8.1380 | 1.3616 | true |  78000 |  26870 | 8.3018 | 1.3899 | true |  78000 |  26869 | 8.1498 | 1.3308 | true |  78000 |  26491 | 8.7325 | 1.3679 | true |  78000 |  26870 | 8.4891 | 1.4750 | true |  78000 |  26870 | 8.9687 | 1.4804 | true
Action Film                              |     56 |     66 | 0.1354 | 0.0489 | true |     56 |     49 | 0.1486 | 0.0621 | true |     56 |     66 | 0.1183 | 0.0464 | true |     56 |     66 | 0.1755 | 0.0455 | true |     56 |     66 | 0.1183 | 0.0430 | true |     56 |     66 | 0.1203 | 0.0474 | true |     56 |     65 | 0.1193 | 0.0430 | true |     56 |     66 | 0.1168 | 0.0518 | true |     56 |     66 | 0.1291 | 0.0435 | true |     56 |     66 | 0.1178 | 0.0440 | true |     56 |     66 | 0.1173 | 0.0440 | true |     56 |     55 | 0.1608 | 0.0650 | true |     56 |     66 | 0.1188 | 0.0411 | true |     56 |     66 | 0.1198 | 0.0714 | true |     56 |     66 | 0.1183 | 0.0425 | true |     56 |     66 | 0.1168 | 0.0411 | true |     56 |     66 | 0.1208 | 0.0416 | true |     56 |     53 | 0.1472 | 0.0548 | true |     56 |     66 | 0.1164 | 0.0528 | true |     56 |     65 | 0.1300 | 0.0425 | true
Actrius                                  |   5763 |   2594 | 0.4913 | 0.1794 | true |   5763 |   2460 | 0.6610 | 0.1995 | true |   5763 |   2594 | 0.4923 | 0.1799 | true |   5763 |   2594 | 0.5329 | 0.1765 | true |   5763 |   2594 | 0.4850 | 0.1760 | true |   5763 |   2593 | 0.4864 | 0.1750 | true |   5763 |   2593 | 0.4860 | 0.1731 | true |   5763 |   2595 | 0.4816 | 0.1828 | true |   5763 |   2595 | 0.4982 | 0.1872 | true |   5763 |   2594 | 0.4904 | 0.1745 | true |   5763 |   2594 | 0.4820 | 0.2454 | true |   5763 |   2459 | 0.6111 | 0.1833 | true |   5763 |   2594 | 0.4322 | 0.1882 | true |   5763 |   2594 | 0.4292 | 0.1530 | true |   5763 |   2594 | 0.4234 | 0.1726 | true |   5763 |   2594 | 0.4288 | 0.1506 | true |   5763 |   2594 | 0.4341 | 0.1643 | true |   5763 |   2456 | 0.5808 | 0.1638 | true |   5763 |   2594 | 0.4327 | 0.1486 | true |   5763 |   2594 | 0.4356 | 0.1780 | true
Animalia (book)                          |   5783 |   2391 | 0.4043 | 0.1305 | true |   5783 |   2269 | 0.5568 | 0.1428 | true |   5783 |   2391 | 0.4102 | 0.1516 | true |   5783 |   2391 | 0.4092 | 0.1276 | true |   5783 |   2391 | 0.4136 | 0.1325 | true |   5783 |   2391 | 0.4024 | 0.1271 | true |   5783 |   2391 | 0.4175 | 0.1271 | true |   5783 |   2391 | 0.4126 | 0.1286 | true |   5783 |   2393 | 0.5309 | 0.1599 | true |   5783 |   2391 | 0.4864 | 0.1442 | true |   5783 |   2391 | 0.4517 | 0.1413 | true |   5783 |   2282 | 0.6126 | 0.1809 | true |   5783 |   2391 | 0.4561 | 0.1447 | true |   5783 |   2391 | 0.4561 | 0.1437 | true |   5783 |   2391 | 0.4649 | 0.1442 | true |   5783 |   2391 | 0.4547 | 0.2317 | true |   5783 |   2393 | 0.4356 | 0.1296 | true |   5783 |   2278 | 0.5661 | 0.1408 | true |   5783 |   2391 | 0.4038 | 0.1437 | true |   5783 |   2391 | 0.4107 | 0.1359 | true
International Atomic Time                |  11976 |   5059 | 0.8502 | 0.2259 | true |  11976 |   4832 | 1.1494 | 0.2718 | true |  11976 |   5059 | 0.8600 | 0.2361 | true |  11976 |   5059 | 0.8497 | 0.2606 | true |  11976 |   5059 | 0.8487 | 0.2425 | true |  11976 |   5059 | 0.8507 | 0.2298 | true |  11976 |   5059 | 0.8546 | 0.2268 | true |  11976 |   5059 | 0.8443 | 0.2317 | true |  11976 |   5060 | 0.8492 | 0.2484 | true |  11976 |   5059 | 0.8512 | 0.2312 | true |  11976 |   5059 | 0.8619 | 0.2293 | true |  11976 |   4844 | 1.1401 | 0.2542 | true |  11976 |   5059 | 0.8492 | 0.2293 | true |  11976 |   5059 | 0.8443 | 0.2327 | true |  11976 |   5059 | 0.8477 | 0.2425 | true |  11976 |   5059 | 1.0203 | 0.2757 | true |  11976 |   5059 | 0.9724 | 0.2640 | true |  11976 |   4825 | 1.2892 | 0.2733 | true |  11976 |   5059 | 0.9543 | 0.2596 | true |  11976 |   5059 | 0.9734 | 0.2356 | true
Altruism                                 |  67373 |  26454 | 8.6905 | 1.2144 | true |  67373 |  25892 | 9.4380 | 1.3968 | true |  67373 |  26454 | 9.2786 | 1.1900 | true |  67373 |  26454 | 8.5575 | 1.2657 | true |  67373 |  26454 | 9.1491 | 1.3244 | true |  67373 |  26454 | 8.5932 | 1.2134 | true |  67373 |  26454 | 8.4729 | 1.2486 | true |  67373 |  26454 | 8.7790 | 1.1944 | true |  67373 |  26455 | 8.9315 | 1.2105 | true |  67373 |  26455 | 8.5272 | 1.2036 | true |  67373 |  26454 | 8.5355 | 1.2154 | true |  67373 |  25873 | 9.1486 | 1.2574 | true |  67373 |  26454 | 8.6920 | 1.2076 | true |  67373 |  26454 | 8.8670 | 1.3312 | true |  67373 |  26454 | 8.9115 | 1.2222 | true |  67373 |  26454 | 8.8587 | 1.2266 | true |  67373 |  26455 | 9.1676 | 1.3464 | true |  67373 |  25971 | 9.9230 | 1.3596 | true |  67373 |  26454 | 8.8592 | 1.2139 | true |  67373 |  26453 | 8.5516 | 1.1978 | true
AutoRacing                               |     45 |     57 | 0.1139 | 0.0381 | true |     45 |     51 | 0.1281 | 0.0499 | true |     45 |     57 | 0.1046 | 0.0337 | true |     45 |     57 | 0.1041 | 0.0337 | true |     45 |     57 | 0.1139 | 0.0347 | true |     45 |     56 | 0.1090 | 0.0357 | true |     45 |     56 | 0.1061 | 0.0347 | true |     45 |     57 | 0.1061 | 0.0352 | true |     45 |     57 | 0.1315 | 0.0479 | true |     45 |     57 | 0.1071 | 0.0347 | true |     45 |     57 | 0.1046 | 0.0357 | true |     45 |     51 | 0.1281 | 0.0494 | true |     45 |     57 | 0.1027 | 0.0337 | true |     45 |     57 | 0.1017 | 0.0337 | true |     45 |     57 | 0.1080 | 0.0420 | true |     45 |     57 | 0.1027 | 0.0332 | true |     45 |     57 | 0.1017 | 0.0337 | true |     45 |     49 | 0.1188 | 0.0450 | true |     45 |     57 | 0.1046 | 0.0347 | true |     45 |     56 | 0.1056 | 0.0337 | true
Ayn Rand                                 |  89381 |  30737 | 10.5791 | 1.6568 | true |  89381 |  30208 | 11.0308 | 1.4100 | true |  89381 |  30736 | 10.5932 | 1.5439 | true |  89381 |  30737 | 10.2657 | 1.7170 | true |  89381 |  30737 | 10.1513 | 1.5341 | true |  89381 |  30736 | 9.8858 | 1.3840 | true |  89381 |  30736 | 9.9616 | 1.4892 | true |  89381 |  30738 | 10.7692 | 1.6656 | true |  89381 |  30736 | 10.8142 | 1.6876 | true |  89381 |  30737 | 10.2667 | 1.4153 | true |  89381 |  30737 | 9.8946 | 1.4848 | true |  89381 |  30336 | 11.3280 | 1.5972 | true |  89381 |  30737 | 14.5405 | 1.6324 | true |  89381 |  30737 | 10.0677 | 1.4999 | true |  89381 |  30737 | 9.8580 | 1.5498 | true |  89381 |  30737 | 10.4568 | 1.4574 | true |  89381 |  30735 | 9.9645 | 1.6363 | true |  89381 |  30416 | 11.3676 | 1.4916 | true |  89381 |  30737 | 9.9724 | 1.7004 | true |  89381 |  30736 | 10.7067 | 1.6456 | true
Alain Connes                             |   6198 |   2727 | 0.5099 | 0.1921 | true |   6198 |   2523 | 0.6712 | 0.2146 | true |   6198 |   2727 | 0.5006 | 0.1794 | true |   6198 |   2727 | 0.4977 | 0.1804 | true |   6198 |   2727 | 0.5153 | 0.1799 | true |   6198 |   2727 | 0.4957 | 0.1731 | true |   6198 |   2727 | 0.4977 | 0.1755 | true |   6198 |   2727 | 0.5989 | 0.1951 | true |   6198 |   2728 | 0.5304 | 0.1706 | true |   6198 |   2727 | 0.4972 | 0.1677 | true |   6198 |   2727 | 0.5055 | 0.1745 | true |   6198 |   2572 | 0.6698 | 0.1936 | true |   6198 |   2727 | 0.5099 | 0.1755 | true |   6198 |   2727 | 0.4904 | 0.1711 | true |   6198 |   2727 | 0.5084 | 0.1745 | true |   6198 |   2727 | 0.5089 | 0.1745 | true |   6198 |   2728 | 0.4972 | 0.1887 | true |   6198 |   2577 | 0.6781 | 0.1985 | true |   6198 |   2727 | 0.5124 | 0.1824 | true |   6198 |   2726 | 0.5148 | 0.1755 | true
Allan Dwan                               |  11264 |   4753 | 0.9871 | 0.2865 | true |  11264 |   4531 | 1.1944 | 0.2816 | true |  11264 |   4753 | 0.8595 | 0.2444 | true |  11264 |   4753 | 0.8639 | 0.2464 | true |  11264 |   4753 | 0.8604 | 0.2640 | true |  11264 |   4753 | 0.8614 | 0.2469 | true |  11264 |   4753 | 1.0765 | 0.3021 | true |  11264 |   4753 | 0.9788 | 0.2684 | true |  11264 |   4753 | 0.9670 | 0.2689 | true |  11264 |   4753 | 0.9616 | 0.3109 | true |  11264 |   4753 | 0.8712 | 0.2503 | true |  11264 |   4557 | 1.1039 | 0.2674 | true |  11264 |   4753 | 0.8595 | 0.2474 | true |  11264 |   4753 | 0.8512 | 0.2435 | true |  11264 |   4753 | 0.8932 | 0.2474 | true |  11264 |   4753 | 0.8507 | 0.2493 | true |  11264 |   4753 | 0.8614 | 0.2454 | true |  11264 |   4571 | 1.1396 | 0.2606 | true |  11264 |   4753 | 0.8629 | 0.2444 | true |  11264 |   4753 | 0.9044 | 0.2601 | true
Algeria/People                           |     57 |     69 | 0.1090 | 0.0367 | true |     57 |     58 | 0.1276 | 0.0484 | true |     57 |     69 | 0.1071 | 0.0347 | true |     57 |     69 | 0.1061 | 0.0347 | true |     57 |     69 | 0.1090 | 0.0342 | true |     57 |     68 | 0.1071 | 0.0342 | true |     57 |     68 | 0.1076 | 0.0342 | true |     57 |     69 | 0.1056 | 0.0376 | true |     57 |     68 | 0.1090 | 0.0342 | true |     57 |     69 | 0.1056 | 0.0596 | true |     57 |     69 | 0.1046 | 0.0386 | true |     57 |     59 | 0.1300 | 0.0484 | true |     57 |     69 | 0.1036 | 0.0347 | true |     57 |     69 | 0.1036 | 0.0347 | true |     57 |     69 | 0.1041 | 0.0728 | true |     57 |     69 | 0.1100 | 0.0357 | true |     57 |     68 | 0.1061 | 0.0352 | true |     57 |     52 | 0.1315 | 0.0445 | true |     57 |     69 | 0.1041 | 0.0357 | true |     57 |     69 | 0.1041 | 0.0352 | true
Algeria/Transnational Issues             |     62 |     74 | 0.1095 | 0.3232 | true |     62 |     58 | 0.1442 | 0.0587 | true |     62 |     74 | 0.1071 | 0.0376 | true |     62 |     74 | 0.1051 | 0.0342 | true |     62 |     74 | 0.1066 | 0.0391 | true |     62 |     73 | 0.1071 | 0.0357 | true |     62 |     73 | 0.1105 | 0.0357 | true |     62 |     74 | 0.1124 | 0.0386 | true |     62 |     73 | 0.1076 | 0.0347 | true |     62 |     74 | 0.1051 | 0.0337 | true |     62 |     74 | 0.1041 | 0.0504 | true |     62 |     60 | 0.1291 | 0.0494 | true |     62 |     74 | 0.1061 | 0.0357 | true |     62 |     74 | 0.1041 | 0.0391 | true |     62 |     74 | 0.1095 | 0.0352 | true |     62 |     74 | 0.1036 | 0.0342 | true |     62 |     73 | 0.1066 | 0.0357 | true |     62 |     56 | 0.1242 | 0.0440 | true |     62 |     74 | 0.1095 | 0.0342 | true |     62 |     74 | 0.1056 | 0.0352 | true
Algeria                                  | 120072 |  46553 | 15.0416 | 2.2504 | true | 120072 |  46067 | 15.6664 | 2.3384 | true | 120072 |  46553 | 15.7725 | 2.1633 | true | 120072 |  46553 | 15.3726 | 2.3237 | true | 120072 |  46553 | 15.8102 | 2.0871 | true | 120072 |  46553 | 14.9067 | 2.0895 | true | 120072 |  46553 | 15.5261 | 2.1144 | true | 120072 |  46553 | 15.1492 | 2.4244 | true | 120072 |  46552 | 15.9456 | 2.2988 | true | 120072 |  46553 | 16.1167 | 2.3535 | true | 120072 |  46553 | 15.9935 | 2.3320 | true | 120072 |  46169 | 16.2223 | 2.0832 | true | 120072 |  46552 | 15.1233 | 2.1076 | true | 120072 |  46552 | 14.8407 | 2.1003 | true | 120072 |  46553 | 15.0754 | 2.1042 | true | 120072 |  46552 | 15.3526 | 2.1399 | true | 120072 |  46553 | 14.9321 | 2.0841 | true | 120072 |  46217 | 15.9940 | 2.3144 | true | 120072 |  46553 | 15.0998 | 2.1218 | true | 120072 |  46552 | 15.0167 | 2.1159 | true
List of Atlas Shrugged characters        |  31725 |  13094 | 3.8256 | 0.6360 | true |  31725 |  12680 | 4.4469 | 0.6136 | true |  31725 |  13094 | 3.8876 | 0.6067 | true |  31725 |  13094 | 3.8417 | 0.6160 | true |  31725 |  13094 | 3.8172 | 0.6189 | true |  31725 |  13094 | 3.9101 | 0.6092 | true |  31725 |  13094 | 3.8397 | 0.6160 | true |  31725 |  13094 | 3.8290 | 0.6233 | true |  31725 |  13093 | 3.9272 | 0.5925 | true |  31725 |  13093 | 3.8099 | 0.5925 | true |  31725 |  13093 | 3.9708 | 0.5916 | true |  31725 |  12750 | 4.5076 | 0.6316 | true |  31725 |  13094 | 3.8104 | 0.6395 | true |  31725 |  13094 | 3.8040 | 0.6668 | true |  31725 |  13093 | 4.1678 | 0.6590 | true |  31725 |  13094 | 4.0744 | 0.6028 | true |  31725 |  13093 | 4.2304 | 0.6693 | true |  31725 |  12815 | 4.7246 | 0.6404 | true |  31725 |  13094 | 3.9864 | 0.6258 | true |  31725 |  13092 | 4.1164 | 0.5999 | true
Topics of note in Atlas Shrugged         |     28 |     40 | 0.1159 | 0.0342 | true |     28 |     37 | 0.1208 | 0.0464 | true |     28 |     40 | 0.1281 | 0.0342 | true |     28 |     40 | 0.1022 | 0.0342 | true |     28 |     40 | 0.1032 | 0.0332 | true |     28 |     39 | 0.1032 | 0.0357 | true |     28 |     40 | 0.1027 | 0.0328 | true |     28 |     40 | 0.1090 | 0.0337 | true |     28 |     40 | 0.1017 | 0.0367 | true |     28 |     40 | 0.1027 | 0.0352 | true |     28 |     40 | 0.1036 | 0.0401 | true |     28 |     37 | 0.1232 | 0.0479 | true |     28 |     40 | 0.1061 | 0.0513 | true |     28 |     40 | 0.1110 | 0.0352 | true |     28 |     40 | 0.1027 | 0.0337 | true |     28 |     40 | 0.1012 | 0.0381 | true |     28 |     40 | 0.1076 | 0.0342 | true |     28 |     38 | 0.1178 | 0.0435 | true |     28 |     40 | 0.1110 | 0.0347 | true |     28 |     39 | 0.1139 | 0.0367 | true
Anthropology                             |  92134 |  33835 | 11.8243 | 1.5830 | true |  92134 |  33306 | 12.0741 | 1.7316 | true |  92134 |  33836 | 12.2555 | 1.5400 | true |  92134 |  33835 | 11.9142 | 1.7321 | true |  92134 |  33835 | 12.2256 | 1.8592 | true |  92134 |  33833 | 11.8678 | 1.6050 | true |  92134 |  33835 | 11.8482 | 1.7268 | true |  92134 |  33835 | 12.0800 | 1.6128 | true |  92134 |  33835 | 12.4510 | 1.8328 | true |  92134 |  33835 | 11.7754 | 1.5478 | true |  92134 |  33835 | 13.0768 | 1.5669 | true |  92134 |  33393 | 11.9700 | 1.6339 | true |  92134 |  33835 | 11.7837 | 1.7595 | true |  92134 |  33835 | 12.0379 | 1.5679 | true |  92134 |  33835 | 13.1096 | 1.8402 | true |  92134 |  33835 | 12.3684 | 1.8407 | true |  92134 |  33833 | 11.8952 | 1.5493 | true |  92134 |  33473 | 11.9680 | 1.6216 | true |  92134 |  33835 | 11.3236 | 1.6075 | true |  92134 |  33835 | 11.6952 | 1.7903 | true
Agricultural science                     |  13822 |   5957 | 1.2794 | 0.3153 | true |  13822 |   5671 | 1.4549 | 0.2909 | true |  13822 |   5957 | 1.0966 | 0.2924 | true |  13822 |   5957 | 1.0883 | 0.2826 | true |  13822 |   5957 | 1.0892 | 0.3207 | true |  13822 |   5958 | 1.1372 | 0.2748 | true |  13822 |   5957 | 1.0902 | 0.2752 | true |  13822 |   5957 | 1.0883 | 0.2704 | true |  13822 |   5957 | 1.1293 | 0.2821 | true |  13822 |   5957 | 1.1015 | 0.2806 | true |  13822 |   5957 | 1.0961 | 0.2757 | true |  13822 |   5664 | 1.4339 | 0.2958 | true |  13822 |   5958 | 1.0932 | 0.2821 | true |  13822 |   5958 | 1.0927 | 0.2777 | true |  13822 |   5957 | 1.0839 | 0.2806 | true |  13822 |   5958 | 1.0922 | 0.2796 | true |  13822 |   5958 | 1.0858 | 0.2752 | true |  13822 |   5700 | 1.4647 | 0.2894 | true |  13822 |   5958 | 1.0956 | 0.2806 | true |  13822 |   5957 | 1.1132 | 0.2772 | true
Alchemy                                  |  81528 |  31316 | 10.4710 | 1.5982 | true |  81528 |  30741 | 11.5803 | 1.5092 | true |  81528 |  31315 | 10.3517 | 1.4324 | true |  81528 |  31315 | 10.4133 | 1.6060 | true |  81528 |  31315 | 10.7052 | 1.5077 | true |  81528 |  31315 | 10.7355 | 1.5552 | true |  81528 |  31315 | 10.8753 | 1.4779 | true |  81528 |  31315 | 10.7340 | 1.4525 | true |  81528 |  31314 | 10.5067 | 1.4579 | true |  81528 |  31315 | 10.6196 | 1.4173 | true |  81528 |  31315 | 10.4593 | 1.6427 | true |  81528 |  30791 | 11.2855 | 1.5136 | true |  81528 |  31315 | 10.8538 | 1.6373 | true |  81528 |  31315 | 11.0728 | 1.5908 | true |  81528 |  31315 | 11.1511 | 1.4305 | true |  81528 |  31315 | 10.3292 | 1.4481 | true |  81528 |  31313 | 10.2921 | 1.5283 | true |  81528 |  30868 | 11.4869 | 1.6422 | true |  81528 |  31315 | 11.0386 | 1.4021 | true |  81528 |  31312 | 10.7404 | 1.4940 | true
Air Transport                            |     22 |     34 | 0.1286 | 0.0401 | true |     22 |     28 | 0.1178 | 0.0518 | true |     22 |     34 | 0.1027 | 0.0391 | true |     22 |     34 | 0.1027 | 0.0337 | true |     22 |     34 | 0.1017 | 0.0328 | true |     22 |     33 | 0.1022 | 0.0328 | true |     22 |     34 | 0.1017 | 0.0318 | true |     22 |     34 | 0.1017 | 0.0332 | true |     22 |     34 | 0.1017 | 0.0323 | true |     22 |     34 | 0.1134 | 0.0332 | true |     22 |     34 | 0.1007 | 0.0342 | true |     22 |     29 | 0.1232 | 0.0464 | true |     22 |     34 | 0.1012 | 0.0337 | true |     22 |     34 | 0.0997 | 0.0347 | true |     22 |     34 | 0.1017 | 0.0342 | true |     22 |     34 | 0.1002 | 0.0337 | true |     22 |     34 | 0.1139 | 0.0347 | true |     22 |     27 | 0.1164 | 0.0420 | true |     22 |     34 | 0.1017 | 0.0332 | true |     22 |     33 | 0.1022 | 0.0342 | true
Alien                                    |   3799 |   1578 | 0.3153 | 0.1110 | true |   3799 |   1506 | 0.4112 | 0.1227 | true |   3799 |   1578 | 0.3070 | 0.1188 | true |   3799 |   1578 | 0.3114 | 0.1071 | true |   3799 |   1578 | 0.3060 | 0.1066 | true |   3799 |   1580 | 0.3266 | 0.1051 | true |   3799 |   1578 | 0.3041 | 0.1061 | true |   3799 |   1578 | 0.3090 | 0.1036 | true |   3799 |   1580 | 0.3060 | 0.1071 | true |   3799 |   1578 | 0.3041 | 0.1120 | true |   3799 |   1578 | 0.3031 | 0.1061 | true |   3799 |   1514 | 0.3975 | 0.1261 | true |   3799 |   1578 | 0.3060 | 0.1115 | true |   3799 |   1578 | 0.3056 | 0.1046 | true |   3799 |   1578 | 0.3227 | 0.1066 | true |   3799 |   1578 | 0.3016 | 0.1036 | true |   3799 |   1581 | 0.3481 | 0.1261 | true |   3799 |   1512 | 0.4307 | 0.1164 | true |   3799 |   1578 | 0.3241 | 0.1027 | true |   3799 |   1578 | 0.3163 | 0.1032 | true
Astronomer                               |   8253 |   3597 | 0.6199 | 0.1897 | true |   8253 |   3355 | 0.8438 | 0.2088 | true |   8253 |   3597 | 0.6268 | 0.1912 | true |   8253 |   3597 | 0.6341 | 0.1936 | true |   8253 |   3597 | 0.6913 | 0.2312 | true |   8253 |   3597 | 0.7177 | 0.2141 | true |   8253 |   3597 | 0.6898 | 0.2122 | true |   8253 |   3599 | 0.6791 | 0.2180 | true |   8253 |   3600 | 0.6776 | 0.2303 | true |   8253 |   3597 | 0.6820 | 0.2224 | true |   8253 |   3597 | 0.6796 | 0.2200 | true |   8253 |   3354 | 0.9181 | 0.2503 | true |   8253 |   3597 | 0.6796 | 0.2459 | true |   8253 |   3597 | 0.6859 | 0.2014 | true |   8253 |   3597 | 0.6018 | 0.1882 | true |   8253 |   3597 | 0.6077 | 0.1902 | true |   8253 |   3599 | 0.7460 | 0.2400 | true |   8253 |   3373 | 1.0022 | 0.2337 | true |   8253 |   3597 | 0.7094 | 0.2410 | true |   8253 |   3598 | 0.7573 | 0.2405 | true
Ameboid stage                            |     20 |     32 | 0.1203 | 0.0435 | true |     20 |     31 | 0.1384 | 0.0592 | true |     20 |     32 | 0.1129 | 0.0425 | true |     20 |     32 | 0.1129 | 0.0420 | true |     20 |     32 | 0.1178 | 0.0445 | true |     20 |     31 | 0.1134 | 0.0411 | true |     20 |     32 | 0.1120 | 0.0420 | true |     20 |     32 | 0.1134 | 0.0420 | true |     20 |     32 | 0.1124 | 0.0401 | true |     20 |     32 | 0.1413 | 0.0411 | true |     20 |     32 | 0.1765 | 0.0469 | true |     20 |     30 | 0.1540 | 0.0640 | true |     20 |     32 | 0.1105 | 0.0396 | true |     20 |     32 | 0.1115 | 0.0391 | true |     20 |     32 | 0.1115 | 0.0411 | true |     20 |     32 | 0.1134 | 0.0504 | true |     20 |     32 | 0.1105 | 0.0391 | true |     20 |     30 | 0.1354 | 0.0548 | true |     20 |     32 | 0.1100 | 0.0401 | true |     20 |     31 | 0.1110 | 0.0411 | true
ASCII                                    | 100765 |  29444 | 8.5898 | 1.5332 | true | 100765 |  29001 | 8.9164 | 1.6207 | true | 100765 |  29444 | 8.8024 | 1.5229 | true | 100765 |  29445 | 8.4079 | 1.5434 | true | 100765 |  29445 | 8.3703 | 1.5327 | true | 100765 |  29444 | 8.4016 | 1.4989 | true | 100765 |  29442 | 8.3253 | 1.5180 | true | 100765 |  29443 | 8.3370 | 1.5385 | true | 100765 |  29444 | 8.3732 | 1.4999 | true | 100765 |  29444 | 8.4001 | 1.5439 | true | 100765 |  29444 | 8.3932 | 1.5424 | true | 100765 |  29071 | 8.9154 | 1.6045 | true | 100765 |  29445 | 8.3429 | 1.5659 | true | 100765 |  29445 | 8.6406 | 1.7096 | true | 100765 |  29444 | 9.1452 | 1.5019 | true | 100765 |  29445 | 8.4465 | 1.5307 | true | 100765 |  29443 | 8.7086 | 1.5160 | true | 100765 |  29114 | 9.4492 | 1.5273 | true | 100765 |  29444 | 9.0469 | 1.4882 | true | 100765 |  29444 | 8.4426 | 1.5571 | true
Ashmore And Cartier Islands              |     72 |     81 | 0.1168 | 0.0357 | true |     72 |     60 | 0.1369 | 0.0464 | true |     72 |     81 | 0.1066 | 0.0342 | true |     72 |     81 | 0.1178 | 0.0411 | true |     72 |     81 | 0.1051 | 0.0328 | true |     72 |     79 | 0.1061 | 0.0337 | true |     72 |     80 | 0.1066 | 0.0342 | true |     72 |     81 | 0.1046 | 0.0337 | true |     72 |     81 | 0.1051 | 0.0347 | true |     72 |     81 | 0.1032 | 0.0337 | true |     72 |     81 | 0.1095 | 0.0572 | true |     72 |     67 | 0.1300 | 0.0474 | true |     72 |     81 | 0.1051 | 0.0342 | true |     72 |     81 | 0.1036 | 0.0337 | true |     72 |     81 | 0.1032 | 0.0337 | true |     72 |     81 | 0.1032 | 0.0337 | true |     72 |     81 | 0.1032 | 0.0337 | true |     72 |     67 | 0.1472 | 0.0440 | true |     72 |     81 | 0.1036 | 0.0337 | true |     72 |     80 | 0.1066 | 0.0337 | true
Austin (disambiguation)                  |   2073 |    955 | 0.2259 | 0.0748 | true |   2073 |    898 | 0.2884 | 0.0890 | true |   2073 |    955 | 0.2180 | 0.0738 | true |   2073 |    955 | 0.2161 | 0.0733 | true |   2073 |    955 | 0.2738 | 0.0919 | true |   2073 |    955 | 0.2410 | 0.0772 | true |   2073 |    955 | 0.2205 | 0.0856 | true |   2073 |    955 | 0.2249 | 0.0714 | true |   2073 |    956 | 0.2185 | 0.0724 | true |   2073 |    955 | 0.2166 | 0.0704 | true |   2073 |    955 | 0.2136 | 0.0865 | true |   2073 |    914 | 0.2840 | 0.0880 | true |   2073 |    955 | 0.2185 | 0.0709 | true |   2073 |    955 | 0.2171 | 0.0900 | true |   2073 |    955 | 0.2151 | 0.0699 | true |   2073 |    955 | 0.2259 | 0.0846 | true |   2073 |    956 | 0.2440 | 0.0900 | true |   2073 |    929 | 0.3070 | 0.0875 | true |   2073 |    955 | 0.2215 | 0.0758 | true |   2073 |    956 | 0.2234 | 0.0743 | true
Animation                                |  56003 |  20751 | 6.0994 | 1.0032 | true |  56003 |  20329 | 6.6533 | 1.0027 | true |  56003 |  20751 | 6.0994 | 1.0037 | true |  56003 |  20751 | 6.2416 | 0.9739 | true |  56003 |  20751 | 6.1360 | 1.0286 | true |  56003 |  20752 | 6.1664 | 0.9690 | true |  56003 |  20753 | 6.4304 | 1.0902 | true |  56003 |  20753 | 6.7178 | 0.9597 | true |  56003 |  20750 | 6.3296 | 1.1024 | true |  56003 |  20751 | 6.6606 | 1.0726 | true |  56003 |  20751 | 6.6108 | 1.0902 | true |  56003 |  20361 | 7.2600 | 0.9964 | true |  56003 |  20751 | 6.3399 | 1.0697 | true |  56003 |  20751 | 6.1013 | 0.9866 | true |  56003 |  20751 | 6.0798 | 0.9797 | true |  56003 |  20751 | 6.1404 | 1.1093 | true |  56003 |  20750 | 6.3912 | 0.9553 | true |  56003 |  20417 | 6.8068 | 1.1161 | true |  56003 |  20751 | 6.6367 | 1.0863 | true |  56003 |  20753 | 6.6719 | 1.1357 | true
Apollo                                   | 126677 |  49887 | 17.9940 | 2.2753 | true | 126677 |  49446 | 17.5448 | 2.2890 | true | 126677 |  49888 | 17.6054 | 2.5236 | true | 126677 |  49888 | 17.2720 | 2.2557 | true | 126677 |  49888 | 17.4656 | 2.2934 | true | 126677 |  49887 | 18.2629 | 2.5139 | true | 126677 |  49887 | 17.8454 | 2.2626 | true | 126677 |  49888 | 17.2201 | 2.5422 | true | 126677 |  49888 | 17.2392 | 2.3046 | true | 126677 |  49888 | 17.4025 | 2.5437 | true | 126677 |  49888 | 17.9016 | 2.3413 | true | 126677 |  49494 | 18.2507 | 2.5784 | true | 126677 |  49888 | 17.3732 | 2.2895 | true | 126677 |  49887 | 16.9366 | 2.3300 | true | 126677 |  49888 | 16.9517 | 2.2650 | true | 126677 |  49888 | 16.8349 | 2.2914 | true | 126677 |  49887 | 17.0696 | 2.2587 | true | 126677 |  49568 | 17.3727 | 2.3863 | true | 126677 |  49887 | 17.3722 | 2.2895 | true | 126677 |  49889 | 16.9708 | 2.4112 | true
Andre Agassi                             | 108263 |  35375 | 12.0511 | 1.7976 | true | 108263 |  34933 | 13.3804 | 2.0030 | true | 108263 |  35374 | 12.6979 | 1.7981 | true | 108263 |  35375 | 12.5297 | 1.7043 | true | 108263 |  35375 | 12.0941 | 1.9179 | true | 108263 |  35374 | 12.4540 | 1.7370 | true | 108263 |  35375 | 11.8086 | 1.7972 | true | 108263 |  35374 | 11.8145 | 1.7429 | true | 108263 |  35375 | 12.2286 | 1.8465 | true | 108263 |  35374 | 12.1836 | 1.7292 | true | 108263 |  35375 | 11.8873 | 1.7854 | true | 108263 |  35031 | 12.3009 | 1.7580 | true | 108263 |  35375 | 12.0829 | 1.9062 | true | 108263 |  35375 | 12.1870 | 1.8001 | true | 108263 |  35375 | 11.9964 | 1.7771 | true | 108263 |  35375 | 11.9924 | 1.9174 | true | 108263 |  35375 | 12.2080 | 1.8744 | true | 108263 |  35032 | 12.7048 | 1.7654 | true | 108263 |  35375 | 12.4158 | 1.8866 | true | 108263 |  35375 | 12.9321 | 1.7703 | true

